symbol,entry_date,exit_date,expiry_date_curr,expiry_date_near,closing_price_curr,closing_price_near,difference,mean,std,upper_range,lower_range,signal,entry,exit,target,stoploss,pnl,returns
TCS,2018-05-14,2018-05-17,2018-05-31,2018-06-28,3450.0,3436.05,-13.95,6.1,7.42,24.65,-12.45,Buy Spread,-13.95,-18.34999999999991,-2.8200000000000003,-17.66,-4.39999999999991,-0.3154
TCS,2020-02-17,2020-02-24,2020-02-27,2020-03-26,2208.8,2201.05,-7.75,6.93,5.2,19.93,-6.07,Buy Spread,-7.75,-15.150000000000091,0.05000000000000071,-10.35,-7.400000000000091,-0.9548
TCS,2020-02-25,2020-02-27,2020-02-27,2020-03-26,2157.75,2147.35,-10.4,6.76,5.45,20.38,-6.86,Buy Spread,-10.4,-10.649999999999636,-2.225,-13.125,-0.24999999999963585,-0.024
TCS,2020-05-27,2020-05-28,2020-05-28,2020-06-25,2003.2,1992.05,-11.15,6.54,5.49,20.26,-7.19,Buy Spread,-11.15,-16.59999999999991,-2.9150000000000014,-13.895,-5.449999999999909,-0.4888
INFY,2018-05-14,2018-05-31,2018-05-31,2018-06-28,1190.65,1163.4,-27.25,0.14,9.68,24.34,-24.06,Buy Spread,-27.25,-23.550000000000182,-12.73,-32.09,3.699999999999818,0.1358
HDFCBANK,2018-05-14,2018-05-21,2018-05-31,2018-06-28,2024.55,2017.8,-6.75,1.94,2.95,9.32,-5.44,Buy Spread,-6.75,-2.0,-2.3249999999999997,-8.225,4.75,0.7037
HDFCBANK,2019-03-27,2019-03-28,2019-03-28,2019-04-25,2300.6,2316.6,16.0,4.33,4.22,14.88,-6.22,Sell Spread,16.0,12.299999999999727,9.67,18.11,3.700000000000273,0.2313
HDFCBANK,2020-03-24,2020-03-25,2020-03-26,2020-04-30,768.2,759.65,-8.55,5.49,4.24,16.09,-5.11,Buy Spread,-8.55,-11.950000000000045,-2.1900000000000004,-10.670000000000002,-3.4000000000000448,-0.3977
LUPIN,2018-05-15,2018-05-16,2018-05-31,2018-06-28,753.35,755.0,1.65,4.33,0.83,6.4,2.26,Buy Spread,1.65,4.649999999999977,2.895,1.235,2.9999999999999774,1.8182
LUPIN,2018-06-01,2018-06-04,2018-06-28,2018-07-26,765.8,766.85,1.05,4.19,0.9,6.44,1.94,Buy Spread,1.05,0.3000000000000682,2.4000000000000004,0.6000000000000001,-0.7499999999999318,-0.7143
LUPIN,2018-06-05,2018-06-11,2018-06-28,2018-07-26,761.3,762.25,0.95,4.12,1.01,6.64,1.6,Buy Spread,0.95,-0.25,2.465,0.445,-1.2,-1.2632
LUPIN,2018-06-12,2018-06-14,2018-06-28,2018-07-26,855.5,855.1,-0.4,3.95,1.27,7.12,0.78,Buy Spread,-0.4,1.8999999999999773,1.505,-1.035,2.299999999999977,5.75
LUPIN,2018-07-18,2018-07-26,2018-07-26,2018-08-30,811.15,810.25,-0.9,3.42,1.68,7.62,-0.78,Buy Spread,-0.9,1.7999999999999545,1.62,-1.74,2.6999999999999544,3.0
LUPIN,2019-07-12,2019-07-22,2019-07-25,2019-08-29,763.55,763.0,-0.55,3.66,1.64,7.76,-0.44,Buy Spread,-0.55,-1.5,1.91,-1.37,-0.95,-1.7273
LUPIN,2019-07-23,2019-07-24,2019-07-25,2019-08-29,756.65,754.4,-2.25,3.56,1.76,7.96,-0.84,Buy Spread,-2.25,-3.199999999999932,0.3900000000000001,-3.13,-0.9499999999999318,-0.4222
LUPIN,2020-02-26,2020-02-27,2020-02-27,2020-03-26,668.9,666.75,-2.15,3.31,1.75,7.68,-1.06,Buy Spread,-2.15,1.6999999999999318,0.4750000000000001,-3.025,3.8499999999999317,1.7907
LUPIN,2020-03-18,2020-03-19,2020-03-26,2020-04-30,614.55,612.05,-2.5,3.29,1.75,7.66,-1.08,Buy Spread,-2.5,0.39999999999997726,0.125,-3.375,2.8999999999999773,1.16
LUPIN,2020-06-01,2020-06-04,2020-06-25,2020-07-30,850.1,848.45,-1.65,3.25,1.75,7.62,-1.12,Buy Spread,-1.65,-3.6000000000000227,0.975,-2.525,-1.9500000000000228,-1.1818
LUPIN,2020-06-05,2020-06-08,2020-06-25,2020-07-30,905.0,901.05,-3.95,3.21,1.81,7.74,-1.32,Buy Spread,-3.95,3.449999999999932,-1.2350000000000003,-4.855,7.399999999999932,1.8734
LUPIN,2020-06-09,2020-06-10,2020-06-25,2020-07-30,920.3,918.9,-1.4,3.2,1.82,7.75,-1.35,Buy Spread,-1.4,-3.9500000000000455,1.33,-2.31,-2.5500000000000456,-1.8214
LUPIN,2020-06-12,2020-06-25,2020-06-25,2020-07-30,914.2,910.95,-3.25,3.17,1.87,7.85,-1.51,Buy Spread,-3.25,-2.1000000000000227,-0.44499999999999984,-4.1850000000000005,1.1499999999999773,0.3538
LUPIN,2020-07-01,2020-07-02,2020-07-30,2020-08-27,899.95,896.45,-3.5,3.05,2.04,8.15,-2.05,Buy Spread,-3.5,0.5499999999999545,-0.44,-4.52,4.0499999999999545,1.1571
HINDUNILVR,2018-05-15,2018-05-31,2018-05-31,2018-06-28,1522.55,1517.2,-5.35,4.38,3.36,12.78,-4.02,Buy Spread,-5.35,-3.6499999999998636,-0.3099999999999996,-7.0299999999999985,1.700000000000136,0.3178
HINDUNILVR,2019-05-10,2019-05-30,2019-05-30,2019-06-27,1696.7,1693.0,-3.7,6.23,3.86,15.88,-3.42,Buy Spread,-3.7,-4.449999999999818,2.09,-5.63,-0.7499999999998179,-0.2027
HINDUNILVR,2020-03-25,2020-03-26,2020-03-26,2020-04-30,2095.4,2113.45,18.05,6.46,3.94,16.31,-3.39,Sell Spread,18.05,10.25,12.14,20.02,7.800000000000001,0.4321
HINDUNILVR,2020-05-04,2020-05-08,2020-05-28,2020-06-25,2085.4,2080.95,-4.45,6.52,3.95,16.4,-3.36,Buy Spread,-4.45,-6.5,1.4750000000000003,-6.425000000000002,-2.05,-0.4607
HINDUNILVR,2020-05-11,2020-05-27,2020-05-28,2020-06-25,2028.55,2024.65,-3.9,6.42,4.07,16.6,-3.76,Buy Spread,-3.9,-6.850000000000136,2.2050000000000005,-5.9350000000000005,-2.9500000000001365,-0.7564
FEDERALBNK,2018-05-21,2018-05-22,2018-05-31,2018-06-28,81.2,81.4,0.2,0.52,0.13,0.84,0.2,Buy Spread,0.2,0.3999999999999915,0.395,0.135,0.19999999999999146,1.0
FEDERALBNK,2018-06-01,2018-06-04,2018-06-28,2018-07-26,83.35,83.25,-0.1,0.5,0.14,0.85,0.15,Buy Spread,-0.1,-0.25,0.11,-0.17,-0.15,-1.5
FEDERALBNK,2018-06-05,2018-06-22,2018-06-28,2018-07-26,82.55,82.3,-0.25,0.49,0.17,0.92,0.06,Buy Spread,-0.25,0.04999999999999716,0.0050000000000000044,-0.335,0.29999999999999716,1.2
FEDERALBNK,2018-07-06,2018-07-26,2018-07-26,2018-08-30,81.9,81.4,-0.5,0.39,0.29,1.12,-0.34,Buy Spread,-0.5,-0.29999999999999716,-0.06500000000000006,-0.645,0.20000000000000284,0.4
FEDERALBNK,2019-06-11,2019-06-19,2019-06-27,2019-07-25,107.5,107.1,-0.4,0.39,0.28,1.09,-0.31,Buy Spread,-0.4,-0.5999999999999943,0.020000000000000014,-0.54,-0.1999999999999943,-0.5
FEDERALBNK,2019-06-20,2019-06-27,2019-06-27,2019-07-25,104.45,103.9,-0.55,0.37,0.3,1.12,-0.38,Buy Spread,-0.55,-0.75,-0.10000000000000007,-0.7000000000000001,-0.19999999999999996,-0.3636
RELIANCE,2018-05-29,2018-05-31,2018-05-31,2018-06-28,917.1,917.15,0.05,3.53,1.28,6.73,0.33,Buy Spread,0.05,0.900000000000091,1.97,-0.59,0.8500000000000909,17.0
RELIANCE,2019-03-27,2019-03-28,2019-03-28,2019-04-25,1351.55,1360.95,9.4,4.91,1.6,8.91,0.91,Sell Spread,9.4,11.699999999999818,7.0,10.2,-2.2999999999998177,-0.2447
RELIANCE,2019-04-11,2019-04-12,2019-04-25,2019-05-30,1356.2,1365.85,9.65,5.04,1.73,9.36,0.71,Sell Spread,9.65,5.849999999999909,7.0550000000000015,10.515,3.8000000000000913,0.3938
RELIANCE,2019-04-15,2019-04-23,2019-04-25,2019-05-30,1346.05,1355.55,9.5,5.05,1.74,9.4,0.7,Sell Spread,9.5,10.75,6.8900000000000015,10.37,-1.25,-0.1316
RELIANCE,2019-04-24,2019-04-25,2019-04-25,2019-05-30,1390.95,1401.45,10.5,5.13,1.84,9.73,0.53,Sell Spread,10.5,9.450000000000045,7.74,11.42,1.0499999999999545,0.1
RELIANCE,2019-07-22,2019-07-25,2019-07-25,2019-08-29,1280.95,1280.85,-0.1,5.04,1.83,9.62,0.46,Buy Spread,-0.1,0.4500000000000455,2.645,-1.015,0.5500000000000455,5.5
RELIANCE,2020-03-19,2020-03-23,2020-03-26,2020-04-30,917.3,917.55,0.25,5.26,1.87,9.94,0.58,Buy Spread,0.25,3.8999999999999773,3.055,-0.685,3.6499999999999773,14.6
RELIANCE,2020-05-08,2020-05-14,2020-05-28,2020-06-25,1556.7,1552.45,-4.25,5.22,1.95,10.09,0.34,Buy Spread,-4.25,-0.5,-1.3250000000000002,-5.225,3.75,0.8824
RELIANCE,2020-05-15,2020-05-18,2020-05-28,2020-06-25,1463.95,1462.95,-1.0,5.16,2.06,10.31,0.01,Buy Spread,-1.0,-2.25,2.09,-2.03,-1.25,-1.25
RELIANCE,2020-05-19,2020-05-28,2020-05-28,2020-06-25,1411.9,1410.0,-1.9,5.13,2.11,10.4,-0.14,Buy Spread,-1.9,-0.5,1.265,-2.955,1.4,0.7368
RELIANCE,2020-06-12,2020-06-17,2020-06-25,2020-07-30,1588.95,1588.2,-0.75,4.99,2.25,10.62,-0.63,Buy Spread,-0.75,-2.400000000000091,2.625,-1.875,-1.650000000000091,-2.2
RELIANCE,2020-06-18,2020-06-25,2020-06-25,2020-07-30,1654.05,1651.25,-2.8,4.94,2.32,10.74,-0.86,Buy Spread,-2.8,-2.5499999999999545,0.6799999999999997,-3.96,0.2500000000000453,0.0893
INDIGO,2018-05-30,2018-05-31,2018-05-31,2018-06-28,1242.45,1226.9,-15.55,1.92,5.78,16.37,-12.53,Buy Spread,-15.55,-9.600000000000136,-6.880000000000001,-18.44,5.949999999999864,0.3826
INDIGO,2018-06-27,2018-06-28,2018-06-28,2018-07-26,1147.35,1130.1,-17.25,0.35,6.56,16.75,-16.05,Buy Spread,-17.25,-6.5,-7.41,-20.53,10.75,0.6232
INDIGO,2018-07-04,2018-07-10,2018-07-26,2018-08-30,1077.45,1056.8,-20.65,0.0,6.83,17.08,-17.08,Buy Spread,-20.65,-7.850000000000136,-10.404999999999998,-24.065,12.799999999999862,0.6199
INDIGO,2020-03-12,2020-03-16,2020-03-26,2020-04-30,1004.2,988.9,-15.3,1.67,5.88,16.37,-13.03,Buy Spread,-15.3,-20.149999999999977,-6.48,-18.24,-4.8499999999999766,-0.317
INDIGO,2020-03-17,2020-03-19,2020-03-26,2020-04-30,966.65,939.85,-26.8,1.55,6.1,16.8,-13.7,Buy Spread,-26.8,-13.350000000000023,-17.650000000000006,-29.85,13.449999999999978,0.5019
INDIGO,2020-03-23,2020-03-24,2020-03-26,2020-04-30,857.75,842.8,-14.95,1.4,6.31,17.17,-14.37,Buy Spread,-14.95,-18.399999999999977,-5.4849999999999985,-18.105,-3.449999999999978,-0.2308
INDIGO,2020-03-25,2020-03-26,2020-03-26,2020-04-30,1015.85,993.0,-22.85,1.32,6.44,17.42,-14.78,Buy Spread,-22.85,-20.25,-13.19,-26.07,2.6000000000000014,0.1138
INDIGO,2020-04-01,2020-04-07,2020-04-30,2020-05-28,999.35,982.7,-16.65,1.24,6.55,17.61,-15.14,Buy Spread,-16.65,-21.550000000000068,-6.824999999999998,-19.925,-4.90000000000007,-0.2943
INDIGO,2020-04-08,2020-04-22,2020-04-30,2020-05-28,990.85,970.05,-20.8,1.12,6.73,17.95,-15.71,Buy Spread,-20.8,-10.050000000000068,-10.705,-24.165,10.749999999999932,0.5168
INDIGO,2020-04-24,2020-04-28,2020-04-30,2020-05-28,892.8,874.2,-18.6,0.81,7.04,18.41,-16.79,Buy Spread,-18.6,-5.75,-8.040000000000001,-22.12,12.850000000000001,0.6909
INDIGO,2020-05-18,2020-05-28,2020-05-28,2020-06-25,883.3,865.0,-18.3,0.5,7.23,18.58,-17.58,Buy Spread,-18.3,-9.75,-7.455,-21.915,8.55,0.4672
INDIGO,2020-06-05,2020-06-10,2020-06-25,2020-07-30,1178.8,1159.3,-19.5,0.2,7.47,18.88,-18.48,Buy Spread,-19.5,-6.5,-8.295,-23.235,13.0,0.6667
TATASTEEL,2018-06-01,2018-06-28,2018-06-28,2018-07-26,563.6,555.95,-7.65,2.91,1.29,6.14,-0.31,Buy Spread,-7.65,-7.899999999999977,-5.715,-8.295,-0.2499999999999769,-0.0327
TATASTEEL,2019-06-03,2019-06-27,2019-06-27,2019-07-25,498.1,488.25,-9.85,2.17,2.62,8.72,-4.38,Buy Spread,-9.85,-8.600000000000023,-5.92,-11.16,1.249999999999977,0.1269
TATASTEEL,2020-06-02,2020-06-25,2020-06-25,2020-07-30,319.75,313.65,-6.1,1.51,2.99,8.99,-5.97,Buy Spread,-6.1,-4.199999999999989,-1.614999999999999,-7.595,1.900000000000011,0.3115
TATASTEEL,2020-07-07,2020-08-03,2020-07-30,2020-08-27,331.15,322.3,-8.85,1.27,3.19,9.24,-6.7,Buy Spread,-8.85,0.0,-4.065,-10.445,0.0,0.0
NESTLEIND,2018-06-01,2018-06-05,2018-06-28,2018-07-26,9941.15,9200.8,-740.35,28.2,99.53,277.02,-220.62,Buy Spread,-740.35,-388.15000000000146,-591.0550000000002,-790.115,352.19999999999857,0.4757
NESTLEIND,2018-06-06,2018-06-08,2018-06-28,2018-07-26,9796.95,9200.8,-596.15,12.18,137.66,356.33,-331.97,Buy Spread,-596.15,16.700000000000728,-389.66,-664.98,612.8500000000007,1.028
NESTLEIND,2018-12-03,2018-12-05,2018-12-27,2019-01-31,10767.75,9732.3,-1035.45,19.11,132.19,349.58,-311.36,Buy Spread,-1035.45,51.5,-837.1650000000002,-1101.545,1086.95,1.0497
M&M,2018-06-01,2018-06-28,2018-06-28,2018-07-26,905.65,902.2,-3.45,4.01,2.21,9.54,-1.52,Buy Spread,-3.45,-2.3500000000000227,-0.13500000000000026,-4.555,1.0999999999999774,0.3188
M&M,2019-06-03,2019-06-20,2019-06-27,2019-07-25,657.0,652.4,-4.6,3.46,2.22,9.01,-2.09,Buy Spread,-4.6,-6.100000000000023,-1.2699999999999996,-5.71,-1.500000000000023,-0.3261
M&M,2019-06-21,2019-06-27,2019-06-27,2019-07-25,628.45,623.5,-4.95,3.14,2.71,9.92,-3.64,Buy Spread,-4.95,-3.400000000000091,-0.8850000000000007,-6.305,1.5499999999999092,0.3131
M&M,2020-06-01,2020-06-12,2020-06-25,2020-07-30,461.6,455.4,-6.2,2.68,2.4,8.68,-3.32,Buy Spread,-6.2,-1.9500000000000455,-2.6000000000000005,-7.4,4.249999999999955,0.6855
HEROMOTOCO,2018-06-01,2018-06-04,2018-06-28,2018-07-26,3634.25,3607.15,-27.1,14.97,5.84,29.57,0.37,Buy Spread,-27.1,-16.34999999999991,-18.340000000000003,-30.020000000000003,10.750000000000092,0.3967
HEROMOTOCO,2018-06-05,2018-06-28,2018-06-28,2018-07-26,3616.35,3590.1,-26.25,14.29,7.65,33.42,-4.84,Buy Spread,-26.25,-35.850000000000364,-14.775,-30.075,-9.600000000000364,-0.3657
HEROMOTOCO,2019-01-01,2019-01-09,2019-01-31,2019-02-28,3144.15,3113.8,-30.35,11.43,11.97,41.36,-18.5,Buy Spread,-30.35,-41.30000000000018,-12.395,-36.335,-10.95000000000018,-0.3608
HEROMOTOCO,2019-01-10,2019-01-23,2019-01-31,2019-02-28,2935.1,2908.7,-26.4,10.24,13.71,44.52,-24.04,Buy Spread,-26.4,-4.399999999999636,-5.834999999999997,-33.254999999999995,22.000000000000362,0.8333
HEROMOTOCO,2019-01-29,2019-01-31,2019-01-31,2019-02-28,2636.4,2594.6,-41.8,8.95,14.74,45.8,-27.9,Buy Spread,-41.8,-26.100000000000364,-19.69,-49.17,15.699999999999633,0.3756
HEROMOTOCO,2020-01-02,2020-01-28,2020-01-30,2020-02-27,2438.3,2414.3,-24.0,9.1,12.99,41.58,-23.38,Buy Spread,-24.0,-35.05000000000018,-4.5150000000000015,-30.495,-11.050000000000182,-0.4604
HEROMOTOCO,2020-01-29,2020-01-30,2020-01-30,2020-02-27,2484.45,2447.1,-37.35,7.7,14.51,43.98,-28.58,Buy Spread,-37.35,-39.90000000000009,-15.585,-44.605,-2.5500000000000895,-0.0683
HDFC,2018-06-01,2018-06-04,2018-06-28,2018-07-26,1847.35,1836.2,-11.15,8.19,2.31,13.96,2.41,Buy Spread,-11.15,-6.75,-7.685,-12.305,4.4,0.3946
HDFC,2018-06-05,2018-06-28,2018-06-28,2018-07-26,1851.65,1843.4,-8.25,7.9,3.14,15.75,0.05,Buy Spread,-8.25,-6.800000000000182,-3.54,-9.82,1.449999999999818,0.1758
HDFC,2019-06-03,2019-06-11,2019-06-27,2019-07-25,2237.95,2234.25,-3.7,8.4,4.71,20.18,-3.38,Buy Spread,-3.7,-6.599999999999909,3.3649999999999998,-6.055,-2.899999999999909,-0.7838
HDFC,2019-06-12,2019-06-18,2019-06-27,2019-07-25,2185.85,2181.15,-4.7,8.17,4.97,20.6,-4.25,Buy Spread,-4.7,-8.599999999999909,2.755,-7.1850000000000005,-3.899999999999909,-0.8298
HDFC,2019-06-19,2019-06-27,2019-06-27,2019-07-25,2179.8,2173.7,-6.1,7.97,5.21,21.0,-5.06,Buy Spread,-6.1,1.0499999999997272,1.715,-8.705,7.149999999999727,1.1721
HDFC,2020-06-01,2020-06-25,2020-06-25,2020-07-30,1733.75,1716.9,-16.85,8.34,4.91,20.62,-3.94,Buy Spread,-16.85,-19.399999999999864,-9.485,-19.305,-2.549999999999862,-0.1513
BAJAJ-AUTO,2018-06-01,2018-06-28,2018-06-28,2018-07-26,2907.75,2860.2,-47.55,13.4,8.0,33.4,-6.6,Buy Spread,-47.55,-45.20000000000027,-35.55,-51.55,2.3499999999997243,0.0494
BAJAJ-AUTO,2019-06-03,2019-06-27,2019-06-27,2019-07-25,3051.1,3000.2,-50.9,7.42,15.68,46.62,-31.78,Buy Spread,-50.9,-40.34999999999991,-27.38,-58.74,10.55000000000009,0.2073
BAJAJ-AUTO,2020-02-13,2020-02-24,2020-02-27,2020-03-26,3144.1,3091.0,-53.1,6.15,17.34,49.5,-37.2,Buy Spread,-53.1,-106.80000000000018,-27.090000000000003,-61.77,-53.70000000000018,-1.0113
BAJAJ-AUTO,2020-02-25,2020-02-27,2020-02-27,2020-03-26,2955.9,2848.4,-107.5,5.09,19.61,54.11,-43.94,Buy Spread,-107.5,-106.80000000000018,-78.08500000000002,-117.305,0.6999999999998181,0.0065
TITAN,2018-06-05,2018-06-12,2018-06-28,2018-07-26,868.4,869.25,0.85,3.88,1.2,6.88,0.88,Buy Spread,0.85,0.20000000000004547,2.65,0.25,-0.6499999999999545,-0.7647
TITAN,2019-04-05,2019-04-24,2019-04-25,2019-05-30,1114.85,1123.05,8.2,4.2,1.38,7.65,0.75,Sell Spread,8.2,8.950000000000045,6.129999999999999,8.889999999999997,-0.7500000000000462,-0.0915
TITAN,2019-05-08,2019-05-13,2019-05-30,2019-06-27,1096.35,1106.0,9.65,4.4,1.6,8.4,0.4,Sell Spread,9.65,7.25,7.25,10.45,2.4000000000000004,0.2487
TITAN,2019-05-20,2019-05-28,2019-05-30,2019-06-27,1236.5,1245.5,9.0,4.48,1.66,8.63,0.33,Sell Spread,9.0,6.5,6.51,9.83,2.5,0.2778
TITAN,2019-06-04,2019-06-06,2019-06-27,2019-07-25,1255.5,1265.55,10.05,4.57,1.73,8.9,0.25,Sell Spread,10.05,5.850000000000136,7.455000000000001,10.915,4.199999999999864,0.4179
TITAN,2019-07-11,2019-07-25,2019-07-25,2019-08-29,1101.7,1101.6,-0.1,4.59,1.78,9.04,0.14,Buy Spread,-0.1,-0.8500000000001364,2.57,-0.99,-0.7500000000001364,-7.5
TITAN,2020-02-14,2020-02-27,2020-02-27,2020-03-26,1295.25,1295.5,0.25,4.63,1.74,8.98,0.28,Buy Spread,0.25,0.5,2.86,-0.62,0.25,1.0
TITAN,2020-06-01,2020-06-09,2020-06-25,2020-07-30,957.55,953.9,-3.65,4.45,1.96,9.35,-0.45,Buy Spread,-3.65,1.25,-0.71,-4.63,4.9,1.3425
TITAN,2020-07-01,2020-07-07,2020-07-30,2020-08-27,950.95,948.75,-2.2,4.31,2.12,9.61,-0.99,Buy Spread,-2.2,-4.149999999999977,0.98,-3.26,-1.949999999999977,-0.8864
TITAN,2020-07-08,2020-08-04,2020-07-30,2020-08-27,995.15,993.55,-1.6,4.25,2.2,9.75,-1.25,Buy Spread,-1.6,0.0,1.7000000000000002,-2.7,0.0,0.0
LT,2018-07-02,2018-07-04,2018-07-26,2018-08-30,1262.1,1254.4,-7.7,5.52,1.7,9.77,1.27,Buy Spread,-7.7,-9.200000000000045,-5.15,-8.55,-1.5000000000000453,-0.1948
LT,2018-07-05,2018-07-26,2018-07-26,2018-08-30,1254.75,1245.4,-9.35,5.18,2.77,12.1,-1.74,Buy Spread,-9.35,-6.399999999999864,-5.1949999999999985,-10.735,2.950000000000136,0.3155
LT,2019-01-21,2019-01-23,2019-01-31,2019-02-28,1314.9,1296.95,-17.95,4.52,4.31,15.29,-6.25,Buy Spread,-17.95,-8.199999999999818,-11.485,-20.105,9.750000000000181,0.5432
LT,2019-01-24,2019-01-28,2019-01-31,2019-02-28,1297.05,1288.25,-8.8,4.35,4.55,15.72,-7.02,Buy Spread,-8.8,3.449999999999818,-1.9750000000000012,-11.075,12.249999999999819,1.392
LT,2019-06-03,2019-06-27,2019-06-27,2019-07-25,1568.6,1561.15,-7.45,4.78,4.54,16.13,-6.57,Buy Spread,-7.45,0.4499999999998181,-0.6399999999999997,-9.72,7.899999999999818,1.0604
IDEA,2018-07-02,2018-07-03,2018-07-26,2018-08-30,57.2,58.15,0.95,0.39,0.18,0.84,-0.06,Sell Spread,0.95,0.14999999999999858,0.6799999999999999,1.04,0.8000000000000014,0.8421
IDEA,2019-01-09,2019-01-10,2019-01-31,2019-02-28,37.15,37.0,-0.15,0.31,0.16,0.71,-0.09,Buy Spread,-0.15,0.20000000000000284,0.09,-0.23,0.35000000000000286,2.3333
IDEA,2019-01-11,2019-01-14,2019-01-31,2019-02-28,37.05,36.8,-0.25,0.31,0.17,0.74,-0.12,Buy Spread,-0.25,0.05000000000000426,0.0050000000000000044,-0.335,0.30000000000000426,1.2
IDEA,2019-02-11,2019-02-18,2019-02-28,2019-03-28,29.5,29.1,-0.4,0.29,0.18,0.74,-0.16,Buy Spread,-0.4,-0.6500000000000021,-0.13,-0.49,-0.2500000000000021,-0.625
IDEA,2019-02-19,2019-02-25,2019-02-28,2019-03-28,29.9,29.3,-0.6,0.27,0.21,0.8,-0.26,Buy Spread,-0.6,-0.75,-0.285,-0.705,-0.15000000000000002,-0.25
IDEA,2019-02-26,2019-02-27,2019-02-28,2019-03-28,29.9,29.1,-0.8,0.25,0.24,0.85,-0.35,Buy Spread,-0.8,-0.10000000000000142,-0.4400000000000001,-0.92,0.6999999999999986,0.875
IDEA,2019-03-08,2019-03-19,2019-03-28,2019-04-25,31.3,30.75,-0.55,0.24,0.26,0.89,-0.41,Buy Spread,-0.55,-0.9499999999999993,-0.16000000000000006,-0.68,-0.39999999999999925,-0.7273
IDEA,2019-03-20,2019-03-22,2019-03-28,2019-04-25,32.0,29.2,-2.8,0.21,0.34,1.06,-0.64,Buy Spread,-2.8,-2.25,-2.29,-2.97,0.5499999999999998,0.1964
IDEA,2019-03-25,2019-03-27,2019-03-28,2019-04-25,30.25,27.9,-2.35,0.19,0.4,1.19,-0.81,Buy Spread,-2.35,-1.6000000000000014,-1.75,-2.5500000000000003,0.7499999999999987,0.3191
IDEA,2019-04-16,2019-04-22,2019-04-25,2019-05-30,17.55,16.35,-1.2,0.13,0.48,1.33,-1.07,Buy Spread,-1.2,-1.700000000000001,-0.48,-1.44,-0.5000000000000011,-0.4167
IDEA,2019-04-23,2019-04-25,2019-04-25,2019-05-30,16.8,14.8,-2.0,0.11,0.51,1.38,-1.16,Buy Spread,-2.0,-1.75,-1.235,-2.255,0.25,0.125
IDEA,2020-06-11,2020-06-12,2020-06-25,2020-07-30,9.4,10.65,1.25,0.07,0.4,1.07,-0.93,Sell Spread,1.25,-0.049999999999998934,0.6499999999999999,1.45,1.299999999999999,1.04
IDEA,2020-07-07,2020-07-08,2020-07-30,2020-08-27,9.55,10.75,1.2,0.08,0.4,1.08,-0.92,Sell Spread,1.2,0.049999999999998934,0.5999999999999999,1.4,1.150000000000001,0.9583
IDEA,2020-07-17,2020-08-13,2020-07-30,2020-08-27,8.85,7.85,-1.0,0.08,0.4,1.08,-0.92,Buy Spread,-1.0,0.0,-0.3999999999999999,-1.2,0.0,0.0
SUNPHARMA,2018-07-04,2018-07-05,2018-07-26,2018-08-30,580.8,582.3,1.5,2.63,0.38,3.58,1.68,Buy Spread,1.5,2.699999999999932,2.0700000000000003,1.31,1.1999999999999318,0.8
SUNPHARMA,2018-08-01,2018-08-03,2018-08-30,2018-09-27,576.8,577.55,0.75,2.61,0.41,3.64,1.58,Buy Spread,0.75,-0.20000000000004547,1.365,0.545,-0.9500000000000455,-1.2667
SUNPHARMA,2018-08-06,2018-08-09,2018-08-30,2018-09-27,578.15,579.2,1.05,2.57,0.51,3.84,1.3,Buy Spread,1.05,0.5,1.815,0.795,-0.55,-0.5238
SUNPHARMA,2018-08-10,2018-08-13,2018-08-30,2018-09-27,556.25,557.35,1.1,2.52,0.57,3.94,1.1,Buy Spread,1.1,0.75,1.955,0.8150000000000002,-0.3500000000000001,-0.3182
SUNPHARMA,2018-08-14,2018-08-17,2018-08-30,2018-09-27,604.2,604.4,0.2,2.49,0.62,4.04,0.94,Buy Spread,0.2,1.3000000000000682,1.13,-0.11,1.1000000000000683,5.5
SUNPHARMA,2019-03-06,2019-03-07,2019-03-28,2019-04-25,461.95,462.6,0.65,2.43,0.7,4.18,0.68,Buy Spread,0.65,1.849999999999966,1.6999999999999995,0.30000000000000004,1.1999999999999658,1.8462
SUNPHARMA,2019-05-13,2019-05-14,2019-05-30,2019-06-27,400.2,405.0,4.8,2.51,0.74,4.36,0.66,Sell Spread,4.8,2.6499999999999773,3.69,5.17,2.1500000000000226,0.4479
SUNPHARMA,2019-07-01,2019-07-10,2019-07-25,2019-08-29,408.15,407.9,-0.25,2.49,0.73,4.32,0.67,Buy Spread,-0.25,-0.75,0.845,-0.615,-0.5,-2.0
SUNPHARMA,2019-07-11,2019-07-25,2019-07-25,2019-08-29,399.85,399.3,-0.55,2.43,0.82,4.48,0.38,Buy Spread,-0.55,0.9499999999999886,0.6799999999999999,-0.96,1.4999999999999887,2.7273
SUNPHARMA,2020-03-18,2020-03-23,2020-03-26,2020-04-30,362.65,362.6,-0.05,2.23,0.82,4.28,0.18,Buy Spread,-0.05,1.3000000000000114,1.18,-0.46,1.3500000000000114,27.0
SUNPHARMA,2020-05-27,2020-05-28,2020-05-28,2020-06-25,452.05,450.7,-1.35,2.2,0.83,4.28,0.13,Buy Spread,-1.35,-0.75,-0.1050000000000002,-1.765,0.6000000000000001,0.4444
HINDALCO,2018-07-05,2018-07-06,2018-07-26,2018-08-30,221.35,221.4,0.05,1.09,0.29,1.82,0.37,Buy Spread,0.05,0.75,0.4849999999999999,-0.095,0.7,14.0
HINDALCO,2018-08-01,2018-08-08,2018-08-30,2018-09-27,209.1,209.05,-0.05,1.06,0.3,1.81,0.31,Buy Spread,-0.05,-0.29999999999998295,0.4,-0.2,-0.24999999999998296,-5.0
HINDALCO,2018-08-09,2018-08-30,2018-08-30,2018-09-27,228.7,228.5,-0.2,1.01,0.37,1.94,0.08,Buy Spread,-0.2,0.75,0.3549999999999999,-0.385,0.95,4.75
HINDALCO,2019-07-02,2019-07-22,2019-07-25,2019-08-29,210.15,210.1,-0.05,1.01,0.38,1.96,0.06,Buy Spread,-0.05,-0.8499999999999943,0.52,-0.24,-0.7999999999999943,-16.0
HINDALCO,2019-07-23,2019-07-25,2019-07-25,2019-08-29,202.9,202.75,-0.15,0.97,0.43,2.04,-0.1,Buy Spread,-0.15,0.25,0.495,-0.365,0.4,2.6667
HINDALCO,2020-04-07,2020-04-08,2020-04-30,2020-05-28,103.55,103.35,-0.2,0.9,0.4,1.9,-0.1,Buy Spread,-0.2,0.5,0.4000000000000001,-0.4,0.7,3.5
HINDALCO,2020-07-01,2020-07-03,2020-07-30,2020-08-27,148.0,147.75,-0.25,0.85,0.43,1.92,-0.22,Buy Spread,-0.25,-0.5999999999999943,0.395,-0.465,-0.3499999999999943,-1.4
HINDALCO,2020-07-06,2020-07-13,2020-07-30,2020-08-27,155.0,154.2,-0.8,0.84,0.44,1.94,-0.26,Buy Spread,-0.8,-0.09999999999999432,-0.14,-1.02,0.7000000000000057,0.875
HINDALCO,2020-07-15,2020-08-11,2020-07-30,2020-08-27,165.4,165.0,-0.4,0.83,0.46,1.98,-0.32,Buy Spread,-0.4,0.0,0.29000000000000004,-0.63,0.0,0.0
TATAMOTORS,2018-07-06,2018-07-16,2018-07-26,2018-08-30,271.95,272.65,0.7,1.77,0.42,2.82,0.72,Buy Spread,0.7,1.4000000000000057,1.33,0.49,0.7000000000000057,1.0
TATAMOTORS,2019-08-27,2019-08-29,2019-08-29,2019-09-26,120.6,120.5,-0.1,1.24,0.51,2.51,-0.03,Buy Spread,-0.1,0.5,0.665,-0.355,0.6,6.0
TATAMOTORS,2020-03-24,2020-03-25,2020-03-26,2020-04-30,68.95,68.5,-0.45,1.09,0.53,2.42,-0.24,Buy Spread,-0.45,0.45000000000000284,0.34500000000000003,-0.7150000000000001,0.9000000000000028,2.0
BHARTIARTL,2018-07-13,2018-07-16,2018-07-26,2018-08-30,358.6,358.15,-0.45,1.85,0.91,4.12,-0.42,Buy Spread,-0.45,-0.9499999999999886,0.915,-0.905,-0.4999999999999886,-1.1111
BHARTIARTL,2018-07-18,2018-07-26,2018-07-26,2018-08-30,336.15,335.45,-0.7,1.79,0.97,4.22,-0.63,Buy Spread,-0.7,-0.049999999999954525,0.7550000000000001,-1.185,0.6500000000000454,0.9286
BHARTIARTL,2018-10-24,2018-10-25,2018-10-25,2018-11-29,315.7,314.5,-1.2,1.7,0.96,4.1,-0.7,Buy Spread,-1.2,1.0499999999999545,0.24,-1.68,2.2499999999999547,1.875
BHARTIARTL,2019-03-01,2019-03-06,2019-03-28,2019-04-25,307.25,306.45,-0.8,1.61,0.85,3.74,-0.51,Buy Spread,-0.8,-1.3000000000000114,0.4749999999999999,-1.225,-0.5000000000000113,-0.625
BHARTIARTL,2019-03-07,2019-03-12,2019-03-28,2019-04-25,309.4,308.7,-0.7,1.58,0.89,3.8,-0.64,Buy Spread,-0.7,-1.4499999999999886,0.635,-1.145,-0.7499999999999887,-1.0714
BHARTIARTL,2019-03-13,2019-03-18,2019-03-28,2019-04-25,339.65,338.85,-0.8,1.55,0.93,3.88,-0.78,Buy Spread,-0.8,0.75,0.595,-1.265,1.55,1.9375
BHARTIARTL,2019-05-02,2019-05-14,2019-05-30,2019-06-27,326.55,325.6,-0.95,1.49,0.95,3.86,-0.88,Buy Spread,-0.95,1.7000000000000455,0.4749999999999999,-1.4249999999999998,2.6500000000000457,2.7895
BHARTIARTL,2020-03-25,2020-03-26,2020-03-26,2020-04-30,429.8,434.9,5.1,1.52,0.89,3.74,-0.7,Sell Spread,5.1,5.699999999999989,3.765,5.545,-0.599999999999989,-0.1176
TVSMOTOR,2018-07-25,2018-07-26,2018-07-26,2018-08-30,539.65,531.2,-8.45,-0.48,2.32,5.32,-6.28,Buy Spread,-8.45,-4.850000000000023,-4.97,-9.61,3.5999999999999766,0.426
TVSMOTOR,2018-09-24,2018-09-25,2018-09-27,2018-10-25,564.7,555.3,-9.4,-0.97,2.47,5.21,-7.14,Buy Spread,-9.4,-11.399999999999977,-5.695,-10.635,-1.999999999999977,-0.2128
TVSMOTOR,2018-09-26,2018-09-27,2018-09-27,2018-10-25,582.8,571.85,-10.95,-1.08,2.69,5.64,-7.8,Buy Spread,-10.95,-15.0,-6.914999999999999,-12.295,-4.050000000000001,-0.3699
TVSMOTOR,2018-10-01,2018-10-15,2018-10-25,2018-11-29,543.9,535.1,-8.8,-1.2,2.92,6.1,-8.5,Buy Spread,-8.8,-11.250000000000057,-4.420000000000001,-10.260000000000002,-2.450000000000056,-0.2784
TVSMOTOR,2018-10-17,2018-10-19,2018-10-25,2018-11-29,529.7,518.3,-11.4,-1.66,3.4,6.84,-10.16,Buy Spread,-11.4,-14.050000000000011,-6.300000000000002,-13.1,-2.650000000000011,-0.2325
TVSMOTOR,2018-10-22,2018-10-23,2018-10-25,2018-11-29,514.55,499.65,-14.9,-1.79,3.63,7.28,-10.86,Buy Spread,-14.9,-9.049999999999955,-9.455,-16.715,5.850000000000046,0.3926
TVSMOTOR,2019-10-07,2019-10-09,2019-10-31,2019-11-28,384.95,370.5,-14.45,-2.38,2.95,5.0,-9.75,Buy Spread,-14.45,-6.5,-10.025,-15.925,7.949999999999999,0.5502
TVSMOTOR,2019-10-25,2019-10-30,2019-10-31,2019-11-28,461.95,449.55,-12.4,-2.55,3.08,5.15,-10.25,Buy Spread,-12.4,-14.950000000000045,-7.78,-13.94,-2.550000000000045,-0.2056
TVSMOTOR,2019-12-06,2019-12-12,2019-12-26,2020-01-30,439.15,427.0,-12.15,-3.03,3.56,5.87,-11.93,Buy Spread,-12.15,-6.25,-6.8100000000000005,-13.93,5.9,0.4856
TVSMOTOR,2020-03-03,2020-03-04,2020-03-26,2020-04-30,420.45,400.85,-19.6,-3.55,3.76,5.85,-12.95,Buy Spread,-19.6,-5.900000000000034,-13.96,-21.48,13.699999999999967,0.699
TVSMOTOR,2020-03-23,2020-03-24,2020-03-26,2020-04-30,324.35,309.35,-15.0,-3.66,3.81,5.86,-13.18,Buy Spread,-15.0,-36.650000000000034,-9.285,-16.905,-21.650000000000034,-1.4433
TVSMOTOR,2020-03-25,2020-03-26,2020-03-26,2020-04-30,337.1,304.15,-32.95,-3.78,4.27,6.9,-14.45,Buy Spread,-32.95,-6.849999999999966,-26.545,-35.085,26.100000000000037,0.7921
TVSMOTOR,2020-04-01,2020-04-03,2020-04-30,2020-05-28,274.65,446.0,171.35,-3.45,8.77,18.47,-25.37,Sell Spread,171.35,193.3,158.195,175.735,-21.950000000000017,-0.1281
BAJFINANCE,2018-07-25,2018-07-26,2018-07-26,2018-08-30,2707.55,2723.85,16.3,8.38,2.29,14.1,2.66,Sell Spread,16.3,22.800000000000182,12.865,17.445,-6.500000000000181,-0.3988
BAJFINANCE,2018-08-01,2018-08-03,2018-08-30,2018-09-27,2737.85,2753.8,15.95,8.53,2.65,15.16,1.9,Sell Spread,15.95,10.900000000000091,11.975,17.275,5.049999999999908,0.3166
BAJFINANCE,2018-08-23,2018-08-30,2018-08-30,2018-09-27,2900.35,2916.3,15.95,8.89,2.8,15.89,1.89,Sell Spread,15.95,22.200000000000273,11.75,17.349999999999998,-6.250000000000274,-0.3918
BAJFINANCE,2018-09-06,2018-09-10,2018-09-27,2018-10-25,2700.25,2718.15,17.9,9.23,3.15,17.1,1.36,Sell Spread,17.9,11.349999999999909,13.175,19.475,6.5500000000000895,0.3659
BAJFINANCE,2018-10-23,2018-10-24,2018-10-25,2018-11-29,2086.6,2104.6,18.0,9.73,3.28,17.93,1.53,Sell Spread,18.0,10.299999999999727,13.08,19.64,7.700000000000273,0.4278
BAJFINANCE,2019-03-27,2019-03-28,2019-03-28,2019-04-25,2948.6,2968.95,20.35,10.47,3.13,18.3,2.65,Sell Spread,20.35,18.25,15.655,21.915000000000006,2.1000000000000014,0.1032
BAJFINANCE,2019-04-01,2019-04-03,2019-04-25,2019-05-30,3025.0,3047.35,22.35,10.54,3.23,18.61,2.46,Sell Spread,22.35,15.650000000000091,17.505000000000006,23.965,6.6999999999999105,0.2998
BAJFINANCE,2019-04-04,2019-04-23,2019-04-25,2019-05-30,3060.35,3082.7,22.35,10.62,3.32,18.92,2.32,Sell Spread,22.35,24.200000000000273,17.37,24.01,-1.8500000000002714,-0.0828
BAJFINANCE,2019-04-24,2019-04-25,2019-04-25,2019-05-30,3095.2,3120.45,25.25,11.01,3.81,20.54,1.48,Sell Spread,25.25,25.40000000000009,19.535,27.155,-0.15000000000009095,-0.0059
BAJFINANCE,2020-03-03,2020-03-12,2020-03-26,2020-04-30,4457.25,4484.1,26.85,13.21,4.72,25.01,1.41,Sell Spread,26.85,17.800000000000182,19.770000000000003,29.21,9.04999999999982,0.3371
BAJFINANCE,2020-05-26,2020-05-28,2020-05-28,2020-06-25,1832.3,1831.3,-1.0,12.91,4.98,25.36,0.46,Buy Spread,-1.0,-1.7000000000000455,6.4700000000000015,-3.49,-0.7000000000000455,-0.7
BAJFINANCE,2020-06-15,2020-06-25,2020-06-25,2020-07-30,2339.45,2337.55,-1.9,12.69,5.14,25.54,-0.16,Buy Spread,-1.9,-12.949999999999818,5.809999999999999,-4.47,-11.049999999999818,-5.8158
BAJFINANCE,2020-07-01,2020-07-16,2020-07-30,2020-08-27,2958.65,2954.9,-3.75,12.46,5.46,26.11,-1.19,Buy Spread,-3.75,4.800000000000182,4.44,-6.48,8.550000000000182,2.28
ULTRACEMCO,2018-08-01,2018-08-02,2018-08-30,2018-09-27,4208.55,4190.85,-17.7,14.93,8.51,36.2,-6.34,Buy Spread,-17.7,10.149999999999636,-4.934999999999999,-21.955,27.849999999999635,1.5734
ULTRACEMCO,2019-01-01,2019-01-02,2019-01-31,2019-02-28,4031.8,4000.0,-31.8,14.7,8.28,35.4,-6.0,Buy Spread,-31.8,17.350000000000364,-19.380000000000006,-35.94,49.15000000000037,1.5456
ULTRACEMCO,2020-02-01,2020-02-03,2020-02-27,2020-03-26,4270.25,4254.45,-15.8,16.86,7.39,35.33,-1.61,Buy Spread,-15.8,9.650000000000546,-4.715000000000002,-19.495,25.450000000000546,1.6108
ULTRACEMCO,2020-03-03,2020-03-04,2020-03-26,2020-04-30,4299.25,4339.3,40.05,16.83,7.36,35.23,-1.57,Sell Spread,40.05,18.150000000000546,29.01,43.73,21.89999999999945,0.5468
ULTRACEMCO,2020-03-11,2020-03-12,2020-03-26,2020-04-30,4002.75,4055.0,52.25,16.91,7.5,35.66,-1.84,Sell Spread,52.25,17.300000000000182,41.0,56.0,34.94999999999982,0.6689
ULTRACEMCO,2020-03-16,2020-03-17,2020-03-26,2020-04-30,3498.35,3490.2,-8.15,16.87,7.56,35.77,-2.03,Buy Spread,-8.15,16.049999999999727,3.1899999999999995,-11.93,24.199999999999726,2.9693
ULTRACEMCO,2020-04-09,2020-04-13,2020-04-30,2020-05-28,3363.05,3355.0,-8.05,16.88,7.71,36.16,-2.39,Buy Spread,-8.05,5.450000000000273,3.514999999999999,-11.905,13.500000000000274,1.677
ULTRACEMCO,2020-05-08,2020-05-11,2020-05-28,2020-06-25,3314.1,3310.15,-3.95,16.72,7.78,36.17,-2.73,Buy Spread,-3.95,10.099999999999909,7.72,-7.84,14.049999999999908,3.557
ULTRACEMCO,2020-06-01,2020-06-25,2020-06-25,2020-07-30,3823.25,3818.7,-4.55,16.48,7.93,36.3,-3.34,Buy Spread,-4.55,-5.049999999999727,7.345,-8.515,-0.49999999999972733,-0.1099
BANKBARODA,2018-08-01,2018-08-02,2018-08-30,2018-09-27,151.15,151.25,0.1,0.69,0.22,1.24,0.14,Buy Spread,0.1,0.6999999999999886,0.4300000000000001,-0.009999999999999995,0.5999999999999885,6.0
BANKBARODA,2019-04-02,2019-04-03,2019-04-25,2019-05-30,134.25,135.45,1.2,0.64,0.2,1.14,0.14,Sell Spread,1.2,0.6999999999999886,0.8999999999999999,1.3,0.5000000000000113,0.4167
BANKBARODA,2020-03-17,2020-03-18,2020-03-26,2020-04-30,62.85,62.45,-0.4,0.58,0.21,1.1,0.05,Buy Spread,-0.4,-0.75,-0.08500000000000002,-0.505,-0.35,-0.875
BANKBARODA,2020-03-19,2020-03-23,2020-03-26,2020-04-30,61.65,61.25,-0.4,0.58,0.23,1.16,0.0,Buy Spread,-0.4,-0.05000000000000426,-0.054999999999999986,-0.515,0.34999999999999576,0.875
BANKBARODA,2020-03-24,2020-03-26,2020-03-26,2020-04-30,55.4,55.35,-0.05,0.58,0.23,1.16,0.0,Buy Spread,-0.05,0.6000000000000014,0.29500000000000004,-0.165,0.6500000000000015,13.0
RBLBANK,2018-08-02,2018-08-03,2018-08-30,2018-09-27,571.0,577.25,6.25,2.18,1.05,4.8,-0.44,Sell Spread,6.25,2.8999999999999773,4.675,6.775,3.3500000000000227,0.536
RBLBANK,2018-09-03,2018-09-04,2018-09-27,2018-10-25,629.1,634.1,5.0,2.29,1.08,4.99,-0.41,Sell Spread,5.0,2.5,3.38,5.54,2.5,0.5
RBLBANK,2018-10-17,2018-10-22,2018-10-25,2018-11-29,535.9,534.9,-1.0,2.25,1.1,5.0,-0.5,Buy Spread,-1.0,-2.5500000000000114,0.6500000000000001,-1.55,-1.5500000000000114,-1.55
RBLBANK,2018-10-23,2018-10-24,2018-10-25,2018-11-29,462.8,459.9,-2.9,2.18,1.22,5.23,-0.87,Buy Spread,-2.9,-3.75,-1.0699999999999998,-3.51,-0.8500000000000001,-0.2931
RBLBANK,2018-11-07,2018-11-19,2018-11-29,2018-12-27,538.3,536.65,-1.65,2.09,1.33,5.42,-1.24,Buy Spread,-1.65,-2.4500000000000455,0.3450000000000002,-2.315,-0.8000000000000456,-0.4848
RBLBANK,2018-11-20,2018-11-26,2018-11-29,2018-12-27,553.85,551.0,-2.85,1.95,1.48,5.65,-1.75,Buy Spread,-2.85,-3.7999999999999545,-0.6300000000000003,-3.59,-0.9499999999999544,-0.3333
RBLBANK,2018-11-27,2018-11-29,2018-11-29,2018-12-27,575.15,570.35,-4.8,1.85,1.64,5.95,-2.25,Buy Spread,-4.8,-3.9500000000000455,-2.34,-5.62,0.8499999999999543,0.1771
RBLBANK,2018-12-06,2018-12-14,2018-12-27,2019-01-31,546.75,542.65,-4.1,1.72,1.82,6.27,-2.83,Buy Spread,-4.1,-1.1999999999999318,-1.3699999999999997,-5.01,2.900000000000068,0.7073
RBLBANK,2019-09-25,2019-09-26,2019-09-26,2019-10-31,383.9,379.55,-4.35,1.0,1.78,5.45,-3.45,Buy Spread,-4.35,-2.9500000000000455,-1.6799999999999995,-5.239999999999998,1.3999999999999542,0.3218
RBLBANK,2020-03-18,2020-03-23,2020-03-26,2020-04-30,161.85,156.2,-5.65,0.57,1.84,5.17,-4.03,Buy Spread,-5.65,-13.300000000000011,-2.89,-6.57,-7.650000000000011,-1.354
RBLBANK,2020-03-24,2020-03-25,2020-03-26,2020-04-30,154.65,138.05,-16.6,0.48,2.11,5.75,-4.8,Buy Spread,-16.6,-31.299999999999983,-13.435000000000002,-17.655,-14.699999999999982,-0.8855
RBLBANK,2020-04-01,2020-04-22,2020-04-30,2020-05-28,131.45,124.3,-7.15,0.39,2.59,6.86,-6.08,Buy Spread,-7.15,-2.6999999999999886,-3.265000000000001,-8.445,4.450000000000012,0.6224
UBL,2018-09-06,2018-09-07,2018-09-27,2018-10-25,1343.6,1367.75,24.15,5.14,7.42,23.69,-13.41,Sell Spread,24.15,7.75,13.02,27.86,16.4,0.6791
UBL,2019-02-01,2019-02-05,2019-02-28,2019-03-28,1453.4,1442.0,-11.4,5.61,6.52,21.91,-10.69,Buy Spread,-11.4,16.34999999999991,-1.620000000000001,-14.66,27.749999999999908,2.4342
UBL,2019-03-07,2019-03-08,2019-03-28,2019-04-25,1395.45,1427.0,31.55,5.83,6.56,22.23,-10.57,Sell Spread,31.55,6.099999999999909,21.71,34.83,25.45000000000009,0.8067
UBL,2019-05-03,2019-05-06,2019-05-30,2019-06-27,1392.95,1423.65,30.7,6.13,6.44,22.23,-9.97,Sell Spread,30.7,38.75,21.04,33.92,-8.05,-0.2622
UBL,2019-06-06,2019-06-07,2019-06-27,2019-07-25,1320.5,1356.0,35.5,6.55,6.82,23.6,-10.5,Sell Spread,35.5,7.849999999999909,25.27,38.91,27.65000000000009,0.7789
UBL,2019-08-02,2019-08-06,2019-08-29,2019-09-26,1406.95,1394.0,-12.95,6.48,6.71,23.26,-10.29,Buy Spread,-12.95,1.4500000000000455,-2.885,-16.305,14.400000000000045,1.112
UBL,2019-09-03,2019-09-04,2019-09-26,2019-10-31,1320.5,1427.7,107.2,6.45,8.48,27.65,-14.75,Sell Spread,107.2,-3.9500000000000455,94.48,111.44,111.15000000000005,1.0368
UBL,2019-10-01,2019-10-03,2019-10-31,2019-11-28,1332.15,1385.1,52.95,6.54,8.64,28.14,-15.06,Sell Spread,52.95,-0.20000000000004547,39.99,57.27,53.15000000000005,1.0038
UBL,2019-10-04,2019-10-07,2019-10-31,2019-11-28,1274.4,1333.35,58.95,6.66,9.01,29.18,-15.86,Sell Spread,58.95,75.89999999999986,45.435,63.45500000000001,-16.94999999999986,-0.2875
UBL,2019-11-04,2019-11-05,2019-11-28,2019-12-26,1240.3,1271.45,31.15,6.81,9.53,30.64,-17.02,Sell Spread,31.15,12.700000000000045,16.855,35.915,18.449999999999953,0.5923
UBL,2020-03-05,2020-03-06,2020-03-26,2020-04-30,1246.9,1230.65,-16.25,6.58,9.06,29.23,-16.07,Buy Spread,-16.25,18.0,-2.66,-20.78,34.25,2.1077
UBL,2020-03-25,2020-03-26,2020-03-26,2020-04-30,876.2,841.5,-34.7,6.36,9.25,29.48,-16.76,Buy Spread,-34.7,-10.75,-20.825000000000006,-39.325,23.950000000000003,0.6902
UBL,2020-04-17,2020-04-20,2020-04-30,2020-05-28,936.4,918.4,-18.0,6.11,9.43,29.68,-17.46,Buy Spread,-18.0,2.6000000000000227,-3.855,-22.715,20.600000000000023,1.1444
VEDL,2018-10-01,2018-10-05,2018-10-25,2018-11-29,234.5,234.25,-0.25,1.06,0.45,2.18,-0.06,Buy Spread,-0.25,-0.8500000000000227,0.425,-0.475,-0.6000000000000227,-2.4
VEDL,2018-10-10,2018-10-11,2018-10-25,2018-11-29,218.75,218.15,-0.6,1.02,0.51,2.3,-0.25,Buy Spread,-0.6,-3.950000000000017,0.16500000000000006,-0.855,-3.350000000000017,-5.5833
VEDL,2018-10-19,2018-10-22,2018-10-25,2018-11-29,211.6,210.4,-1.2,0.95,0.67,2.62,-0.73,Buy Spread,-1.2,0.09999999999999432,-0.19499999999999984,-1.535,1.2999999999999943,1.0833
VEDL,2019-02-01,2019-02-05,2019-02-28,2019-03-28,162.95,162.05,-0.9,0.93,0.61,2.46,-0.59,Buy Spread,-0.9,0.35000000000002274,0.015000000000000013,-1.205,1.2500000000000226,1.3889
VEDL,2019-10-09,2019-10-22,2019-10-31,2019-11-28,146.6,145.9,-0.7,0.85,0.56,2.25,-0.55,Buy Spread,-0.7,0.45000000000001705,0.14000000000000012,-0.98,1.150000000000017,1.6429
VEDL,2020-02-26,2020-02-27,2020-02-27,2020-03-26,130.3,128.25,-2.05,0.77,0.57,2.19,-0.65,Buy Spread,-2.05,-3.000000000000014,-1.1949999999999998,-2.335,-0.9500000000000144,-0.4634
MINDTREE,2018-10-01,2018-10-03,2018-10-25,2018-11-29,1075.65,1095.0,19.35,2.26,4.39,13.24,-8.72,Sell Spread,19.35,4.0,12.765000000000002,21.545,15.350000000000001,0.7933
MINDTREE,2018-11-02,2018-11-06,2018-11-29,2018-12-27,806.2,820.0,13.8,2.48,4.38,13.43,-8.47,Sell Spread,13.8,3.1499999999999773,7.23,15.99,10.650000000000023,0.7717
MINDTREE,2019-02-01,2019-02-04,2019-02-28,2019-03-28,905.3,893.3,-12.0,2.7,4.06,12.85,-7.45,Buy Spread,-12.0,-0.7999999999999545,-5.91,-14.03,11.200000000000045,0.9333
MINDTREE,2019-05-08,2019-05-09,2019-05-30,2019-06-27,974.7,965.3,-9.4,2.81,3.89,12.54,-6.91,Buy Spread,-9.4,-2.400000000000091,-3.5650000000000004,-11.345,6.999999999999909,0.7447
MINDTREE,2019-05-14,2019-05-15,2019-05-30,2019-06-27,973.8,966.5,-7.3,2.72,3.94,12.57,-7.13,Buy Spread,-7.3,-1.0,-1.3899999999999997,-9.27,6.3,0.863
MINDTREE,2019-06-03,2019-06-04,2019-06-27,2019-07-25,976.95,957.05,-19.9,2.49,4.18,12.94,-7.96,Buy Spread,-19.9,-22.699999999999932,-13.63,-21.99,-2.799999999999933,-0.1407
MINDTREE,2019-06-06,2019-06-21,2019-06-27,2019-07-25,963.05,938.45,-24.6,2.34,4.63,13.92,-9.24,Buy Spread,-24.6,-30.850000000000023,-17.655,-26.915000000000006,-6.250000000000021,-0.2541
MINDTREE,2019-06-24,2019-06-26,2019-06-27,2019-07-25,947.9,904.05,-43.85,1.37,6.94,18.72,-15.98,Buy Spread,-43.85,-30.300000000000068,-33.44,-47.32,13.549999999999933,0.309
MINDTREE,2020-03-16,2020-03-17,2020-03-26,2020-04-30,773.3,755.05,-18.25,0.15,7.2,18.15,-17.85,Buy Spread,-18.25,-29.350000000000023,-7.449999999999998,-21.85,-11.100000000000023,-0.6082
MINDTREE,2020-03-18,2020-03-19,2020-03-26,2020-04-30,746.7,714.7,-32.0,0.03,7.44,18.63,-18.57,Buy Spread,-32.0,-17.25,-20.84,-35.72,14.75,0.4609
MINDTREE,2020-03-20,2020-03-23,2020-03-26,2020-04-30,811.9,783.5,-28.4,-0.05,7.57,18.88,-18.98,Buy Spread,-28.4,-37.39999999999998,-17.044999999999998,-32.185,-8.999999999999979,-0.3169
MINDTREE,2020-03-24,2020-03-25,2020-03-26,2020-04-30,769.75,734.1,-35.65,-0.19,7.89,19.53,-19.92,Buy Spread,-35.65,-90.35000000000002,-23.815,-39.595,-54.700000000000024,-1.5344
MINDTREE,2020-04-01,2020-04-03,2020-04-30,2020-05-28,738.75,712.35,-26.4,-0.55,9.36,22.85,-23.95,Buy Spread,-26.4,-0.8999999999999773,-12.36,-31.08,25.50000000000002,0.9659
MINDTREE,2020-04-17,2020-04-27,2020-04-30,2020-05-28,739.9,705.75,-34.15,-0.72,9.52,23.08,-24.52,Buy Spread,-34.15,-40.19999999999993,-19.87,-38.91,-6.049999999999933,-0.1772
MINDTREE,2020-07-16,2020-07-17,2020-07-30,2020-08-27,1004.95,964.8,-40.15,-1.89,10.23,23.68,-27.47,Buy Spread,-40.15,-3.4500000000000455,-24.805,-45.265,36.69999999999995,0.9141
IBULHSGFIN,2018-10-01,2018-10-05,2018-10-25,2018-11-29,909.65,899.85,-9.8,2.63,4.92,14.93,-9.67,Buy Spread,-9.8,-0.2999999999999545,-2.420000000000001,-12.260000000000002,9.500000000000046,0.9694
IBULHSGFIN,2019-08-13,2019-08-28,2019-08-29,2019-09-26,534.85,523.15,-11.7,1.64,4.47,12.82,-9.53,Buy Spread,-11.7,-15.900000000000034,-4.994999999999999,-13.935,-4.200000000000035,-0.359
IBULHSGFIN,2019-09-03,2019-09-09,2019-09-26,2019-10-31,417.0,401.15,-15.85,1.21,5.16,14.11,-11.69,Buy Spread,-15.85,-20.349999999999966,-8.11,-18.43,-4.499999999999966,-0.2839
IBULHSGFIN,2019-09-11,2019-09-17,2019-09-26,2019-10-31,413.65,398.15,-15.5,0.98,5.54,14.83,-12.87,Buy Spread,-15.5,-18.350000000000023,-7.19,-18.27,-2.8500000000000227,-0.1839
IBULHSGFIN,2019-09-18,2019-09-23,2019-09-26,2019-10-31,398.8,380.95,-17.85,0.75,5.86,15.4,-13.9,Buy Spread,-17.85,-24.25,-9.06,-20.78,-6.399999999999999,-0.3585
IBULHSGFIN,2019-09-24,2019-09-26,2019-09-26,2019-10-31,434.6,404.0,-30.6,0.52,6.31,16.29,-15.26,Buy Spread,-30.6,-8.849999999999966,-21.135,-33.755,21.750000000000036,0.7108
IBULHSGFIN,2019-10-03,2019-10-30,2019-10-31,2019-11-28,255.85,236.8,-19.05,0.35,6.53,16.68,-15.98,Buy Spread,-19.05,0.0,-9.255,-22.315,0.0,0.0
SBIN,2018-10-08,2018-10-09,2018-10-25,2018-11-29,266.5,268.9,2.4,1.2,0.47,2.38,0.03,Sell Spread,2.4,1.3500000000000227,1.6949999999999998,2.635,1.0499999999999772,0.4375
SBIN,2020-03-18,2020-03-25,2020-03-26,2020-04-30,213.6,213.7,0.1,1.34,0.41,2.37,0.32,Buy Spread,0.1,0.75,0.715,-0.10499999999999997,0.65,6.5
SBIN,2020-05-22,2020-05-26,2020-05-28,2020-06-25,150.4,150.6,0.2,1.3,0.44,2.4,0.2,Buy Spread,0.2,-0.05000000000001137,0.8600000000000001,-0.01999999999999999,-0.2500000000000114,-1.25
SBIN,2020-05-27,2020-05-28,2020-05-28,2020-06-25,158.8,158.8,0.0,1.29,0.44,2.39,0.19,Buy Spread,0.0,-0.39999999999997726,0.66,-0.22,-0.39999999999997726,0.0
SBIN,2020-06-15,2020-06-25,2020-06-25,2020-07-30,173.7,173.8,0.1,1.27,0.46,2.42,0.12,Buy Spread,0.1,-0.04999999999998295,0.79,-0.13,-0.14999999999998295,-1.5
AXISBANK,2018-10-09,2018-10-10,2018-10-25,2018-11-29,554.95,559.85,4.9,2.56,0.8,4.56,0.56,Sell Spread,4.9,3.4500000000000455,3.7,5.300000000000002,1.4499999999999549,0.2959
AXISBANK,2019-03-26,2019-03-28,2019-03-28,2019-04-25,758.7,763.6,4.9,2.71,0.82,4.76,0.66,Sell Spread,4.9,5.75,3.67,5.3100000000000005,-0.8499999999999996,-0.1735
AXISBANK,2019-04-02,2019-04-08,2019-04-25,2019-05-30,772.85,778.5,5.65,2.74,0.86,4.89,0.59,Sell Spread,5.65,4.099999999999909,4.36,6.08,1.5500000000000913,0.2743
AXISBANK,2019-04-11,2019-04-25,2019-04-25,2019-05-30,756.55,761.85,5.3,2.78,0.91,5.06,0.5,Sell Spread,5.3,6.850000000000023,3.935,5.755,-1.550000000000023,-0.2925
AXISBANK,2020-03-13,2020-03-16,2020-03-26,2020-04-30,567.25,574.25,7.0,3.05,0.94,5.4,0.7,Sell Spread,7.0,1.6999999999999886,5.59,7.47,5.300000000000011,0.7571
AXISBANK,2020-03-18,2020-03-19,2020-03-26,2020-04-30,474.25,480.1,5.85,3.05,0.95,5.42,0.67,Sell Spread,5.85,0.5500000000000114,4.425,6.324999999999998,5.299999999999988,0.906
AXISBANK,2020-04-01,2020-04-15,2020-04-30,2020-05-28,358.95,359.5,0.55,3.03,0.97,5.46,0.6,Buy Spread,0.55,2.3500000000000227,2.005,0.06500000000000006,1.8000000000000227,3.2727
AXISBANK,2020-05-18,2020-05-28,2020-05-28,2020-06-25,359.55,360.0,0.45,2.96,1.0,5.46,0.46,Buy Spread,0.45,-1.849999999999966,1.95,-0.04999999999999999,-2.299999999999966,-5.1111
AXISBANK,2020-06-02,2020-06-08,2020-06-25,2020-07-30,411.9,412.05,0.15,2.91,1.05,5.54,0.29,Buy Spread,0.15,1.8000000000000114,1.725,-0.375,1.6500000000000115,11.0
AXISBANK,2020-06-15,2020-06-25,2020-06-25,2020-07-30,389.5,389.65,0.15,2.89,1.07,5.56,0.21,Buy Spread,0.15,0.39999999999997726,1.755,-0.385,0.24999999999997727,1.6667
WIPRO,2018-11-01,2018-11-02,2018-11-29,2018-12-27,330.5,326.3,-4.2,0.48,1.66,4.63,-3.67,Buy Spread,-4.2,1.6999999999999886,-1.7100000000000004,-5.03,5.899999999999989,1.4048
ITC,2019-04-01,2019-04-08,2019-04-25,2019-05-30,299.45,297.5,-1.95,1.2,0.6,2.7,-0.3,Buy Spread,-1.95,-2.3500000000000227,-1.05,-2.25,-0.4000000000000228,-0.2051
ITC,2019-04-09,2019-04-18,2019-04-25,2019-05-30,297.55,295.7,-1.85,1.14,0.73,2.96,-0.68,Buy Spread,-1.85,-0.75,-0.7550000000000001,-2.215,1.1,0.5946
ITC,2020-04-03,2020-04-13,2020-04-30,2020-05-28,177.8,176.2,-1.6,1.11,0.67,2.78,-0.56,Buy Spread,-1.6,-0.25,-0.595,-1.935,1.35,0.8438
ITC,2020-04-17,2020-04-28,2020-04-30,2020-05-28,189.1,188.1,-1.0,1.09,0.7,2.84,-0.66,Buy Spread,-1.0,-1.450000000000017,0.049999999999999815,-1.35,-0.45000000000001705,-0.45
ITC,2020-04-29,2020-04-30,2020-04-30,2020-05-28,182.35,179.5,-2.85,1.05,0.75,2.92,-0.82,Buy Spread,-2.85,-2.950000000000017,-1.725,-3.225,-0.10000000000001696,-0.0351
ITC,2020-05-04,2020-05-06,2020-05-28,2020-06-25,171.9,170.45,-1.45,1.04,0.78,2.99,-0.91,Buy Spread,-1.45,-2.3499999999999943,-0.28,-1.84,-0.8999999999999944,-0.6207
ITC,2020-05-07,2020-05-12,2020-05-28,2020-06-25,160.85,158.8,-2.05,1.02,0.81,3.05,-1.01,Buy Spread,-2.05,-2.6000000000000227,-0.8349999999999997,-2.455,-0.5500000000000229,-0.2683
ITC,2020-05-13,2020-05-19,2020-05-28,2020-06-25,165.85,163.25,-2.6,1.0,0.85,3.12,-1.12,Buy Spread,-2.6,-3.049999999999983,-1.3250000000000002,-3.025,-0.44999999999998286,-0.1731
ITC,2020-05-20,2020-05-21,2020-05-28,2020-06-25,175.65,173.0,-2.65,0.97,0.91,3.24,-1.3,Buy Spread,-2.65,-3.4499999999999886,-1.285,-3.105,-0.7999999999999887,-0.3019
ITC,2020-05-22,2020-05-27,2020-05-28,2020-06-25,186.8,183.25,-3.55,0.95,0.95,3.32,-1.42,Buy Spread,-3.55,-1.6500000000000057,-2.125,-4.025,1.8999999999999941,0.5352
ITC,2020-06-01,2020-06-04,2020-06-25,2020-07-30,196.7,192.65,-4.05,0.92,1.0,3.42,-1.58,Buy Spread,-4.05,-4.650000000000006,-2.55,-4.55,-0.6000000000000059,-0.1481
ITC,2020-06-05,2020-06-09,2020-06-25,2020-07-30,200.3,195.85,-4.45,0.89,1.09,3.62,-1.84,Buy Spread,-4.45,-5.200000000000017,-2.815,-4.995,-0.7500000000000169,-0.1685
ITC,2020-06-10,2020-06-17,2020-06-25,2020-07-30,199.55,194.5,-5.05,0.86,1.17,3.78,-2.06,Buy Spread,-5.05,-3.1500000000000057,-3.295,-5.635,1.8999999999999941,0.3762
ITC,2020-06-18,2020-06-25,2020-06-25,2020-07-30,186.95,184.1,-2.85,0.8,1.28,4.0,-2.4,Buy Spread,-2.85,-1.9000000000000057,-0.9300000000000002,-3.49,0.9499999999999944,0.3333
ICICIBANK,2019-04-05,2019-04-25,2019-04-25,2019-05-30,393.8,396.85,3.05,1.25,0.7,3.0,-0.5,Sell Spread,3.05,3.6000000000000227,2.0,3.4,-0.5500000000000229,-0.1803
ICICIBANK,2020-03-19,2020-03-20,2020-03-26,2020-04-30,337.45,336.9,-0.55,1.54,0.76,3.44,-0.36,Buy Spread,-0.55,1.25,0.5900000000000001,-0.93,1.8,3.2727
KOTAKBANK,2019-05-09,2019-05-10,2019-05-30,2019-06-27,1383.9,1397.45,13.55,4.59,2.35,10.46,-1.28,Sell Spread,13.55,8.300000000000182,10.025,14.725,5.249999999999819,0.3875
KOTAKBANK,2020-03-12,2020-03-13,2020-03-26,2020-04-30,1460.1,1472.75,12.65,5.23,2.21,10.76,-0.29,Sell Spread,12.65,8.550000000000182,9.335,13.755,4.0999999999998185,0.3241
KOTAKBANK,2020-03-18,2020-03-24,2020-03-26,2020-04-30,1174.15,1171.85,-2.3,5.23,2.24,10.83,-0.37,Buy Spread,-2.3,-3.9500000000000455,1.0600000000000005,-3.42,-1.6500000000000457,-0.7174
KOTAKBANK,2020-03-25,2020-03-26,2020-03-26,2020-04-30,1288.95,1277.75,-11.2,5.14,2.43,11.22,-0.94,Buy Spread,-11.2,-28.09999999999991,-7.554999999999999,-12.415,-16.89999999999991,-1.5089
KOTAKBANK,2020-04-01,2020-04-20,2020-04-30,2020-05-28,1172.75,1168.45,-4.3,5.06,2.85,12.18,-2.07,Buy Spread,-4.3,-6.350000000000136,-0.024999999999999467,-5.725,-2.0500000000001366,-0.4767
KOTAKBANK,2020-04-21,2020-04-28,2020-04-30,2020-05-28,1129.1,1123.6,-5.5,4.89,3.08,12.59,-2.81,Buy Spread,-5.5,-8.25,-0.8799999999999999,-7.04,-2.75,-0.5
KOTAKBANK,2020-04-29,2020-04-30,2020-04-30,2020-05-28,1328.8,1324.3,-4.5,4.78,3.25,12.9,-3.34,Buy Spread,-4.5,-8.349999999999909,0.375,-6.125,-3.849999999999909,-0.8556
KOTAKBANK,2020-05-06,2020-05-28,2020-05-28,2020-06-25,1246.5,1242.2,-4.3,4.71,3.34,13.06,-3.64,Buy Spread,-4.3,-6.899999999999864,0.71,-5.97,-2.5999999999998638,-0.6047
KOTAKBANK,2020-07-01,2020-07-09,2020-07-30,2020-08-27,1352.95,1345.7,-7.25,4.22,3.8,13.72,-5.28,Buy Spread,-7.25,-1.2999999999999545,-1.5500000000000007,-9.15,5.9500000000000455,0.8207
JUBLFOOD,2019-06-24,2019-06-26,2019-06-27,2019-07-25,1258.05,1255.4,-2.65,5.87,3.28,14.07,-2.33,Buy Spread,-2.65,-5.899999999999864,2.27,-4.29,-3.2499999999998637,-1.2264
JUBLFOOD,2019-07-01,2019-07-09,2019-07-25,2019-08-29,1240.9,1233.35,-7.55,5.76,3.44,14.36,-2.84,Buy Spread,-7.55,-2.0499999999999545,-2.39,-9.27,5.500000000000046,0.7285
JUBLFOOD,2019-07-10,2019-07-23,2019-07-25,2019-08-29,1222.55,1217.45,-5.1,5.56,3.68,14.76,-3.64,Buy Spread,-5.1,-8.649999999999864,0.4200000000000008,-6.94,-3.549999999999864,-0.6961
JUBLFOOD,2019-07-24,2019-07-25,2019-07-25,2019-08-29,1149.25,1131.5,-17.75,5.28,4.08,15.48,-4.92,Buy Spread,-17.75,-23.34999999999991,-11.63,-19.79,-5.599999999999909,-0.3155
JUBLFOOD,2019-08-01,2019-08-09,2019-08-29,2019-09-26,1180.7,1174.45,-6.25,5.17,4.37,16.1,-5.76,Buy Spread,-6.25,-8.900000000000091,0.3049999999999997,-8.435,-2.650000000000091,-0.424
JUBLFOOD,2019-08-13,2019-08-20,2019-08-29,2019-09-26,1129.0,1120.2,-8.8,4.97,4.59,16.44,-6.5,Buy Spread,-8.8,-11.700000000000045,-1.915000000000001,-11.095,-2.9000000000000448,-0.3295
JUBLFOOD,2019-08-21,2019-08-26,2019-08-29,2019-09-26,1122.7,1112.05,-10.65,4.78,4.86,16.93,-7.37,Buy Spread,-10.65,-17.550000000000182,-3.3599999999999994,-13.08,-6.9000000000001815,-0.6479
JUBLFOOD,2019-08-27,2019-08-29,2019-08-29,2019-09-26,1186.85,1163.95,-22.9,4.56,5.29,17.78,-8.66,Buy Spread,-22.9,-32.09999999999991,-14.964999999999998,-25.545,-9.19999999999991,-0.4017
JUBLFOOD,2019-09-04,2019-09-09,2019-09-26,2019-10-31,1183.9,1172.95,-10.95,4.33,5.81,18.85,-10.19,Buy Spread,-10.95,-14.099999999999909,-2.2349999999999994,-13.855,-3.1499999999999098,-0.2877
JUBLFOOD,2019-09-11,2019-09-13,2019-09-26,2019-10-31,1241.75,1228.5,-13.25,4.15,6.04,19.25,-10.95,Buy Spread,-13.25,-17.34999999999991,-4.19,-16.27,-4.099999999999909,-0.3094
JUBLFOOD,2019-09-16,2019-09-26,2019-09-26,2019-10-31,1255.75,1238.95,-16.8,4.0,6.27,19.67,-11.68,Buy Spread,-16.8,-23.800000000000182,-7.395000000000001,-19.935,-7.000000000000181,-0.4167
JUBLFOOD,2019-10-11,2019-10-30,2019-10-31,2019-11-28,1324.5,1308.85,-15.65,3.36,7.02,20.91,-14.19,Buy Spread,-15.65,-4.5,-5.120000000000001,-19.16,11.15,0.7125
JUBLFOOD,2020-03-16,2020-03-17,2020-03-26,2020-04-30,1361.5,1338.1,-23.4,1.59,7.69,20.82,-17.64,Buy Spread,-23.4,-27.649999999999864,-11.864999999999998,-27.245,-4.249999999999865,-0.1816
JUBLFOOD,2020-03-18,2020-03-23,2020-03-26,2020-04-30,1239.4,1204.0,-35.4,1.47,7.95,21.34,-18.4,Buy Spread,-35.4,-86.25,-23.475,-39.375,-50.85,-1.4364
JUBLFOOD,2020-03-24,2020-03-25,2020-03-26,2020-04-30,1300.75,1179.1,-121.65,0.94,10.51,27.22,-25.33,Buy Spread,-121.65,-67.39999999999986,-105.885,-126.905,54.25000000000014,0.446
JUBLFOOD,2020-04-07,2020-04-08,2020-04-30,2020-05-28,1394.05,1347.0,-47.05,0.62,11.45,29.24,-28.0,Buy Spread,-47.05,-22.5,-29.875,-52.775,24.549999999999997,0.5218
JUBLFOOD,2020-04-13,2020-04-17,2020-04-30,2020-05-28,1377.0,1325.0,-52.0,0.44,11.72,29.74,-28.86,Buy Spread,-52.0,-58.850000000000136,-34.42,-57.86,-6.850000000000136,-0.1317
JUBLFOOD,2020-04-20,2020-04-28,2020-04-30,2020-05-28,1501.0,1436.95,-64.05,0.03,12.59,31.51,-31.44,Buy Spread,-64.05,-28.200000000000045,-45.165,-70.345,35.84999999999995,0.5597
JUBLFOOD,2020-05-04,2020-05-05,2020-05-28,2020-06-25,1522.55,1479.95,-42.6,-0.74,13.95,34.14,-35.62,Buy Spread,-42.6,-19.149999999999864,-21.675000000000004,-49.575,23.450000000000138,0.5505
JUBLFOOD,2020-05-06,2020-05-13,2020-05-28,2020-06-25,1526.8,1490.0,-36.8,-0.84,14.04,34.26,-35.94,Buy Spread,-36.8,-44.25,-15.739999999999998,-43.81999999999999,-7.450000000000003,-0.2024
JUBLFOOD,2020-05-14,2020-05-28,2020-05-28,2020-06-25,1664.45,1619.45,-45.0,-1.24,14.48,34.96,-37.44,Buy Spread,-45.0,-46.549999999999955,-23.28,-52.24,-1.5499999999999545,-0.0344
PNB,2020-03-24,2020-03-25,2020-03-26,2020-04-30,36.25,37.45,1.2,0.39,0.32,1.19,-0.41,Sell Spread,1.2,0.10000000000000142,0.72,1.36,1.0999999999999985,0.9167
PNB,2020-07-16,2020-07-17,2020-07-30,2020-08-27,33.15,32.35,-0.8,0.36,0.33,1.18,-0.47,Buy Spread,-0.8,-1.1000000000000014,-0.30500000000000005,-0.965,-0.3000000000000014,-0.375
