Date,Symbol,Expiry,Open,High,Low,Close,Last,Settle Price,Number of Contracts,Turnover,Open Interest,Change in OI,Underlying
2020-07-17,UBL,2020-08-27,984.2,998.45,979.05,987.45,989.75,987.45,27,18672000.0,53900,3500,
2020-07-16,UBL,2020-08-27,993.5,993.5,974.3,981.6,982.9,981.6,24,16458000.000000002,50400,7000,
2020-07-15,UBL,2020-08-27,1006.5,1016.5,999.0,1001.75,1005.75,1001.75,15,10565000.0,43400,2800,
2020-07-14,UBL,2020-08-27,1015.0,1019.5,1005.8,1009.9,1009.9,1009.9,22,15625000.0,40600,2100,
2020-07-13,UBL,2020-08-27,1048.85,1048.9,1009.25,1013.6,1013.35,1013.6,26,18539000.0,38500,10500,
2020-07-10,UBL,2020-08-27,1051.45,1051.45,1030.0,1034.4,1032.15,1034.4,27,19639000.0,28000,7700,
2020-07-09,UBL,2020-08-27,1054.4,1058.0,1046.95,1058.0,1058.0,1076.25,8,5895000.0,20300,2800,
2020-07-08,UBL,2020-08-27,1053.0,1066.0,1048.0,1063.35,1063.35,1068.75,9,6656999.999999999,17500,700,
2020-07-07,UBL,2020-08-27,1055.45,1055.45,1041.5,1043.15,1043.3,1043.15,5,3665000.0,16800,1400,1049.8
2020-07-06,UBL,2020-08-27,1040.75,1060.75,1028.95,1059.8,1059.8,1066.8,13,9537000.0,15400,4200,
2020-07-03,UBL,2020-08-27,1047.75,1047.75,1030.0,1035.1,1035.1,1035.1,4,2904000.0,11200,0,1037.25
2020-07-02,UBL,2020-08-27,1026.65,1049.1,1026.65,1039.6,1041.9,1039.6,10,7265000.000000001,11200,-700,1055.7
2020-07-01,UBL,2020-08-27,1027.05,1036.65,1014.45,1015.95,1015.95,1030.45,8,5751000.0,11900,1400,
2020-06-30,UBL,2020-07-30,1003.75,1042.5,1002.05,1030.25,1031.3,1030.25,2371,1705663000.0,881300,-61600,
2020-06-29,UBL,2020-07-30,1019.0,1038.3,980.0,988.1,996.0,988.1,1860,1297870000.0,942900,89600,1005.8
2020-06-26,UBL,2020-07-30,1054.8,1060.0,1008.0,1010.75,1011.25,1010.75,1268,910453000.0000001,853300,133000,1017.95
2020-06-25,UBL,2020-07-30,1019.8,1059.0,1019.8,1045.9,1048.3,1045.9,1710,1247677000.0,720300,111300,1049.1
2020-06-24,UBL,2020-07-30,1041.2,1082.1,1037.45,1052.4,1048.0,1052.4,1867,1389370000.0,609000,246400,1050.8
2020-06-23,UBL,2020-07-30,1034.85,1051.6,1025.0,1035.65,1035.05,1035.65,764,555919000.0,362600,171500,
2020-06-22,UBL,2020-07-30,1025.0,1044.4,1015.0,1032.55,1033.85,1032.55,471,340360000.0,191100,75600,
2020-06-19,UBL,2020-07-30,1018.0,1051.2,1017.4,1022.9,1025.0,1022.9,211,151951000.0,115500,56000,
2020-06-18,UBL,2020-07-30,1009.0,1020.0,1002.6,1012.55,1010.5,1012.55,75,53103000.0,59500,13300,
2020-06-17,UBL,2020-07-30,994.35,1009.8,994.35,1000.45,998.5,1000.45,26,18244000.0,46200,3500,
2020-06-16,UBL,2020-07-30,1016.5,1016.5,984.0,999.55,999.1,999.55,24,16856000.0,42700,2800,
2020-06-15,UBL,2020-07-30,1020.5,1020.5,996.0,998.8,996.0,998.8,31,21780000.0,39900,9100,
2020-06-12,UBL,2020-07-30,981.95,1020.0,981.95,1016.25,1016.25,1019.3,24,16827000.0,30800,8400,
2020-06-11,UBL,2020-07-30,1018.0,1021.0,1008.0,1009.5,1009.5,1004.8,6,4262000.0,22400,0,
2020-06-10,UBL,2020-07-30,1002.35,1014.7,1000.1,1014.7,1014.7,1014.7,11,7752000.0,22400,4200,
2020-06-09,UBL,2020-07-30,1020.0,1030.35,1005.0,1007.3,1005.0,1007.3,16,11412000.0,18200,1400,
2020-06-08,UBL,2020-07-30,1062.65,1062.65,1003.0,1020.0,1020.0,1020.0,21,15069999.999999998,16800,5600,
2020-06-05,UBL,2020-07-30,958.4,1024.05,950.3,1015.0,1015.0,1015.0,61,42026000.0,11200,-4200,
2020-06-04,UBL,2020-07-30,938.5,953.05,938.5,950.3,953.05,950.3,25,16587000.0,15400,6300,947.65
2020-06-03,UBL,2020-07-30,969.95,980.0,935.0,937.65,942.85,937.65,13,8733000.0,9100,700,
2020-06-02,UBL,2020-07-30,972.55,972.55,962.6,962.65,962.6,962.65,5,3383000.0,8400,2800,965.9
2020-06-01,UBL,2020-07-30,964.0,980.0,964.0,977.0,977.0,971.85,9,6120000.0,5600,2800,965.2
2020-05-29,UBL,2020-06-25,940.3,963.75,935.65,952.7,952.0,952.7,2230,1484107000.0,993300,119700,957.0
2020-05-28,UBL,2020-06-25,928.05,961.0,925.9,941.9,942.0,941.9,2976,1969095000.0,873600,330400,943.1
2020-05-27,UBL,2020-06-25,926.9,935.3,913.45,930.9,931.0,930.9,1332,862384000.0,543200,152600,931.4
2020-05-26,UBL,2020-06-25,922.35,944.0,917.25,927.2,929.65,927.2,899,585753000.0,390600,224700,925.8
2020-05-22,UBL,2020-06-25,924.2,941.95,905.0,911.0,912.6,911.0,451,290965000.0,165900,74200,913.3
2020-05-21,UBL,2020-06-25,865.0,931.65,865.0,926.25,927.3,926.25,225,142718000.0,91700,17500,927.05
2020-05-20,UBL,2020-06-25,886.65,886.65,873.75,878.1,877.1,878.1,129,79406000.0,74200,38500,874.9
2020-05-19,UBL,2020-06-25,890.0,890.9,873.2,876.05,877.9,876.05,40,24718000.0,35700,13300,874.3
2020-05-18,UBL,2020-06-25,908.0,908.0,880.0,880.0,880.0,880.0,11,6890000.000000001,22400,4900,880.9
2020-05-15,UBL,2020-06-25,934.5,935.0,911.45,911.45,911.45,919.2,15,9659000.0,17500,2800,914.45
2020-05-14,UBL,2020-06-25,921.0,960.0,921.0,939.9,939.1,939.9,22,14433000.000000002,14700,2100,939.1
2020-05-13,UBL,2020-06-25,913.15,921.0,899.0,921.0,921.0,920.3,14,8915000.0,12600,-1400,915.25
2020-05-12,UBL,2020-06-25,876.95,892.0,871.35,890.45,889.9,890.45,20,12327000.0,14000,2800,894.55
2020-05-11,UBL,2020-06-25,888.4,900.0,885.55,898.0,898.0,890.7,15,9376000.0,11200,700,885.6
2020-05-08,UBL,2020-06-25,870.0,895.95,870.0,884.05,884.05,895.55,14,8666000.0,10500,-4200,890.1
2020-05-07,UBL,2020-06-25,906.1,915.4,873.95,875.5,874.0,875.5,14,8748000.0,14700,2800,874.2
2020-05-06,UBL,2020-06-25,868.3,912.75,868.3,896.55,897.0,896.55,17,10650000.0,11900,6300,896.65
2020-05-05,UBL,2020-06-25,980.0,980.0,909.6,910.5,910.5,910.5,16,10525000.0,5600,1400,908.35
2020-05-04,UBL,2020-06-25,965.0,973.0,961.2,971.15,969.25,971.15,10,6766000.0,4200,1400,969.75
2020-04-30,UBL,2020-05-28,962.0,963.75,930.55,941.4,941.7,941.4,1043,692549000.0,546700,218400,
2020-04-29,UBL,2020-05-28,934.0,967.15,933.35,947.15,951.4,947.15,815,545043000.0,328300,100100,943.85
2020-04-28,UBL,2020-05-28,912.0,937.65,905.1,927.25,928.05,927.25,513,332172000.0,228200,84000,931.0
2020-04-27,UBL,2020-05-28,883.05,914.85,880.15,912.4,912.05,912.4,247,155182000.0,144200,60200,908.3
2020-04-24,UBL,2020-05-28,915.0,921.45,866.95,881.05,875.9,881.05,194,121247000.0,84000,33600,880.75
2020-04-23,UBL,2020-05-28,938.5,951.35,917.05,921.65,922.0,921.65,75,49256000.0,50400,15400,920.0
2020-04-22,UBL,2020-05-28,921.1,930.8,908.05,926.9,930.0,926.9,62,39928000.0,35000,12600,924.25
2020-04-21,UBL,2020-05-28,916.4,927.2,909.45,920.0,920.0,920.0,8,5164000.0,22400,2100,927.85
2020-04-20,UBL,2020-05-28,920.0,927.0,920.0,927.0,927.0,928.85,2,1293000.0,20300,700,924.35
2020-04-17,UBL,2020-05-28,946.8,946.8,918.4,918.4,918.4,936.6,13,8430000.0,19600,4900,931.65
2020-04-16,UBL,2020-05-28,918.35,929.95,918.1,924.4,918.1,924.4,4,2584000.0,14700,700,920.8
2020-04-15,UBL,2020-05-28,960.05,960.05,908.0,912.0,912.0,912.0,13,8568000.0,14000,4900,913.95
2020-04-13,UBL,2020-05-28,950.45,965.5,944.6,944.6,944.6,955.3,4,2675000.0,9100,1400,949.85
2020-04-09,UBL,2020-05-28,966.25,966.25,966.25,966.25,966.25,950.45,1,676000.0,7700,0,944.55
2020-04-08,UBL,2020-05-28,910.05,910.05,910.0,910.0,910.0,923.1,3,1911000.0,7700,1400,917.25
2020-04-07,UBL,2020-05-28,920.0,920.0,920.0,920.0,920.0,920.0,1,644000.0,6300,0,927.2
2020-04-03,UBL,2020-05-28,0.0,0.0,0.0,878.0,878.0,893.2,0,0.0,6300,0,886.95
2020-04-01,UBL,2020-05-28,880.85,880.85,878.0,878.0,878.0,896.2,5,3077000.0,6300,2800,889.7
2020-03-31,UBL,2020-04-30,915.0,923.7,896.6,919.2,913.0,919.2,279,178173000.0,317100,-17500,918.85
2020-03-30,UBL,2020-04-30,870.0,911.75,870.0,900.9,898.75,900.9,304,191454000.0,334600,15400,906.1
2020-03-27,UBL,2020-04-30,920.85,920.85,862.0,873.5,875.0,873.5,276,170250000.0,319200,7000,905.15
2020-03-26,UBL,2020-04-30,875.0,908.1,835.15,880.85,890.0,880.85,333,205237000.0,312200,40600,894.65
2020-03-25,UBL,2020-04-30,820.0,886.3,800.0,841.5,853.5,841.5,265,158550000.0,271600,48300,882.4
2020-03-24,UBL,2020-04-30,804.1,850.0,778.75,811.85,845.65,811.85,402,231525000.0,223300,173600,832.5
2020-03-23,UBL,2020-04-30,835.0,835.9,763.0,790.2,804.05,790.2,103,57107000.00000001,49700,12600,802.5
2020-03-20,UBL,2020-04-30,876.0,923.95,872.45,897.0,901.75,897.0,119,74719000.0,37100,0,892.45
2020-03-19,UBL,2020-04-30,786.0,921.4,786.0,871.0,870.0,871.0,78,47831000.0,37100,1400,879.0
2020-03-18,UBL,2020-04-30,949.05,949.05,879.2,884.0,881.0,884.0,56,35400000.0,35700,-2800,890.95
2020-03-17,UBL,2020-04-30,976.3,999.4,947.8,950.15,950.75,950.15,20,13551000.0,38500,1400,955.05
2020-03-16,UBL,2020-04-30,984.85,1007.2,964.55,969.25,964.55,969.25,18,12455000.0,37100,-2800,975.3
2020-03-13,UBL,2020-04-30,1042.55,1083.0,947.25,1048.3,1048.3,1048.3,58,42829000.0,39900,-3500,1048.7
2020-03-12,UBL,2020-04-30,1136.05,1136.05,1041.85,1052.55,1054.0,1052.55,38,28449000.0,43400,15400,1081.95
2020-03-11,UBL,2020-04-30,1176.8,1180.5,1157.0,1170.0,1169.95,1170.0,7,5729000.0,28000,1400,1172.95
2020-03-09,UBL,2020-04-30,1198.55,1198.55,1179.8,1189.8,1189.8,1197.45,5,4158000.0,26600,-700,1188.25
2020-03-06,UBL,2020-04-30,1240.25,1240.25,1240.25,1240.25,1240.25,1236.75,1,868000.0,27300,700,1226.75
2020-03-05,UBL,2020-04-30,1230.65,1230.65,1230.65,1230.65,1230.65,1258.4,3,2595000.0,26600,-700,1248.0
2020-03-04,UBL,2020-04-30,1205.75,1210.55,1201.5,1210.55,1210.55,1210.55,3,2532000.0,27300,0,1227.45
2020-03-03,UBL,2020-04-30,1235.0,1242.4,1227.25,1236.8,1241.0,1236.8,9,7789000.0,27300,0,1233.55
2020-03-02,UBL,2020-04-30,1282.0,1282.0,1207.0,1218.85,1211.0,1218.85,11,9559000.0,27300,2800,1217.05
2020-02-28,UBL,2020-03-26,1228.9,1257.75,1200.5,1236.05,1238.95,1236.05,1499,1291057000.0,1648500,23800,1245.65
2020-02-27,UBL,2020-03-26,1234.35,1258.7,1221.0,1248.6,1251.05,1248.6,1866,1620404000.0,1624700,417900,1249.75
2020-02-26,UBL,2020-03-26,1233.9,1257.0,1230.0,1238.5,1234.8,1238.5,1059,923685000.0,1206800,336700,1235.45
2020-02-25,UBL,2020-03-26,1249.0,1260.7,1239.55,1243.15,1243.15,1243.15,568,497129000.0,870100,170800,1239.75
2020-02-24,UBL,2020-03-26,1266.7,1285.0,1242.2,1248.05,1246.75,1248.05,534,472360999.99999994,699300,180600,1240.75
2020-02-20,UBL,2020-03-26,1293.15,1308.9,1270.65,1274.6,1273.1,1274.6,247,222769000.0,518700,74200,1267.0
2020-02-19,UBL,2020-03-26,1284.45,1302.15,1273.75,1292.95,1295.4,1292.95,92,83037000.0,444500,18900,1286.4
2020-02-18,UBL,2020-03-26,1265.3,1276.95,1265.3,1275.5,1274.0,1275.5,12,10668000.0,425600,700,1269.45
2020-02-17,UBL,2020-03-26,1292.0,1300.5,1281.8,1284.5,1284.5,1280.8,19,17180000.0,424900,2100,1273.6
2020-02-14,UBL,2020-03-26,1299.3,1311.7,1291.0,1293.2,1292.5,1293.2,20,18252000.0,422800,2100,1286.4
2020-02-13,UBL,2020-03-26,1282.6,1299.95,1281.35,1297.2,1294.25,1297.2,133,120016000.00000001,420700,16100,1288.95
2020-02-12,UBL,2020-03-26,1303.55,1303.55,1289.0,1289.0,1289.0,1291.55,484,438722999.99999994,404600,330400,1283.35
2020-02-11,UBL,2020-03-26,1291.0,1298.25,1286.0,1297.95,1297.9,1297.95,10,9037000.0,74200,2800,1289.9
2020-02-10,UBL,2020-03-26,1315.0,1321.8,1301.45,1305.15,1301.45,1305.15,30,27489000.0,71400,18200,1295.6
2020-02-07,UBL,2020-03-26,1317.95,1332.0,1315.45,1332.0,1332.0,1332.0,79,73926000.0,53200,37800,1320.85
2020-02-06,UBL,2020-03-26,1342.55,1359.5,1338.35,1338.35,1338.35,1352.75,5,4717000.0,15400,700,1343.0
2020-02-05,UBL,2020-03-26,1293.15,1321.0,1293.15,1321.0,1321.0,1322.95,5,4591000.0,14700,1400,1313.05
2020-02-04,UBL,2020-03-26,1313.65,1318.0,1298.0,1299.85,1298.0,1299.85,10,9127000.0,13300,2100,1287.9
2020-02-03,UBL,2020-03-26,0.0,0.0,0.0,1294.45,1294.45,1274.55,0,0.0,11200,0,1264.1
2020-02-01,UBL,2020-03-26,1255.55,1302.0,1255.55,1294.45,1294.45,1294.45,10,8925000.0,11200,6300,1279.75
2020-01-31,UBL,2020-02-27,1268.35,1296.0,1263.0,1269.3,1268.7,1269.3,930,833521999.9999999,1662500,43400,1264.0
2020-01-30,UBL,2020-02-27,1287.1,1287.1,1255.3,1260.45,1265.0,1260.45,1968,1748416999.9999998,1619100,716800,1256.05
2020-01-29,UBL,2020-02-27,1284.0,1302.65,1275.1,1280.0,1276.65,1280.0,892,802361000.0,902300,237300,1274.05
2020-01-28,UBL,2020-02-27,1275.65,1308.0,1267.4,1283.85,1277.45,1283.85,810,731574000.0,665000,154000,1276.6
2020-01-27,UBL,2020-02-27,1283.2,1290.8,1267.6,1269.7,1267.95,1269.7,232,208066000.0,511000,50400,1261.25
2020-01-24,UBL,2020-02-27,1270.5,1288.9,1270.2,1284.6,1286.05,1284.6,160,143201000.0,460600,30800,1275.1
2020-01-23,UBL,2020-02-27,1272.0,1277.4,1268.45,1269.1,1270.2,1269.1,36,32058000.0,429800,13300,1261.0
2020-01-22,UBL,2020-02-27,1271.85,1285.35,1271.85,1277.35,1277.35,1277.35,344,308860000.0,416500,221900,1268.1
2020-01-21,UBL,2020-02-27,1308.35,1308.35,1267.95,1271.85,1271.85,1279.3,21,18739000.0,194600,4200,1271.85
2020-01-20,UBL,2020-02-27,1311.55,1311.55,1311.55,1311.55,1311.55,1311.3,1,918000.0,190400,0,1303.45
2020-01-17,UBL,2020-02-27,1323.75,1323.75,1311.55,1311.55,1311.55,1311.55,2,1845000.0,190400,0,1300.15
2020-01-16,UBL,2020-02-27,1324.0,1324.0,1309.85,1309.85,1309.85,1304.2,5,4619000.0,190400,3500,1295.6
2020-01-15,UBL,2020-02-27,1325.05,1325.05,1319.85,1322.8,1322.8,1319.4,6,5551000.0,186900,700,1310.5
2020-01-14,UBL,2020-02-27,1304.05,1313.0,1300.6,1310.0,1310.0,1310.0,11,10072000.0,186200,3500,1303.7
2020-01-13,UBL,2020-02-27,1296.25,1296.25,1291.95,1301.5,1291.95,1301.5,9,8156000.0,182700,6300,1293.4
2020-01-10,UBL,2020-02-27,1282.5,1290.0,1281.75,1281.8,1281.75,1281.8,6,5388000.0,176400,2100,1269.4
2020-01-09,UBL,2020-02-27,1270.0,1293.2,1270.0,1293.2,1293.2,1273.4,46,41076000.0,174300,29400,1263.6
2020-01-08,UBL,2020-02-27,0.0,0.0,0.0,1263.85,1288.25,1263.85,206,181913000.0,144900,137200,1248.3
2020-01-07,UBL,2020-02-27,1288.25,1288.25,1288.25,1288.25,1288.25,1277.7,1,902000.0,7700,0,1267.5
2020-01-06,UBL,2020-02-27,1283.3,1301.15,1276.0,1287.3,1287.3,1287.6,5,4497000.0,7700,0,1277.1
2020-01-03,UBL,2020-02-27,1295.65,1300.1,1295.65,1300.1,1300.1,1292.0,2,1817000.0000000002,7700,0,1280.85
2020-01-02,UBL,2020-02-27,1294.0,1294.0,1294.0,1294.0,1294.0,1292.75,1,906000.0,7700,700,1281.4
2020-01-01,UBL,2020-02-27,0.0,0.0,0.0,1276.1,1276.1,1285.35,0,0.0,7000,0,1273.75
2019-12-31,UBL,2020-01-30,1288.85,1301.95,1276.5,1279.4,1278.9,1279.4,1234,1115218000.0,1509900,18900,1270.05
2019-12-30,UBL,2020-01-30,1285.4,1295.5,1277.6,1284.15,1286.9,1284.15,695,626000000.0,1491000,-14700,1278.7
2019-12-27,UBL,2020-01-30,1279.05,1291.0,1271.95,1283.65,1285.0,1283.65,1282,1151293000.0,1505700,51100,1276.0
2019-12-26,UBL,2020-01-30,1292.0,1302.9,1275.9,1277.6,1276.2,1277.6,2053,1847349000.0000002,1454600,256900,1273.9
2019-12-24,UBL,2020-01-30,1247.0,1321.0,1239.45,1301.9,1299.8,1301.9,3643,3281498000.0000005,1197700,397600,1299.4
2019-12-23,UBL,2020-01-30,1239.15,1250.55,1231.3,1245.3,1246.0,1245.3,630,546634000.0,800100,299600,1240.25
2019-12-20,UBL,2020-01-30,1225.0,1260.9,1222.7,1238.3,1239.15,1238.3,568,494977000.00000006,500500,120400,1229.05
2019-12-19,UBL,2020-01-30,1230.0,1236.85,1221.2,1229.05,1224.9,1229.05,191,164439000.0,380100,55300,1222.3
2019-12-18,UBL,2020-01-30,1212.0,1233.9,1201.7,1225.5,1224.25,1225.5,508,433097000.0,324800,296100,1217.35
2019-12-17,UBL,2020-01-30,1226.55,1228.0,1214.1,1217.6,1216.45,1217.6,28,23893000.0,28700,5600,1209.75
2019-12-16,UBL,2020-01-30,1225.0,1225.0,1215.0,1218.55,1218.55,1218.55,12,10253000.0,23100,2100,1212.05
2019-12-13,UBL,2020-01-30,1228.0,1228.0,1215.05,1225.0,1225.0,1225.0,13,11124000.0,21000,2800,1221.3
2019-12-12,UBL,2020-01-30,1223.0,1223.0,1198.0,1217.5,1217.5,1219.95,14,11893000.0,18200,6300,1210.6
2019-12-11,UBL,2020-01-30,1209.55,1214.55,1200.0,1207.0,1207.0,1211.4,7,5907000.0,11900,1400,1201.95
2019-12-10,UBL,2020-01-30,1228.45,1228.45,1209.0,1212.0,1209.0,1212.0,6,5124000.0,10500,2800,1201.05
2019-12-09,UBL,2020-01-30,1228.0,1228.0,1221.1,1226.2,1226.2,1226.2,4,3431000.0,7700,-700,1223.6
2019-12-06,UBL,2020-01-30,1230.0,1230.95,1220.75,1222.85,1222.85,1222.85,8,6867000.0,8400,1400,1219.5
2019-12-05,UBL,2020-01-30,1232.0,1232.0,1232.0,1232.0,1232.0,1241.1,1,861999.9999999999,7000,700,1230.35
2019-12-04,UBL,2020-01-30,0.0,0.0,0.0,1251.25,1251.25,1247.65,0,0.0,6300,0,1236.6
2019-12-03,UBL,2020-01-30,1259.2,1259.2,1251.25,1251.25,1251.25,1251.25,3,2639000.0,6300,700,1245.25
2019-12-02,UBL,2020-01-30,1258.7,1258.7,1253.15,1253.2,1253.2,1259.9,7,6146000.0,5600,2100,1248.3
2019-11-29,UBL,2019-12-26,1274.95,1298.1,1259.2,1263.3,1259.2,1263.3,838,749602000.0,1439900,-41300,1257.6
2019-11-28,UBL,2019-12-26,1255.0,1282.95,1255.0,1278.15,1275.05,1278.15,1356,1209389000.0,1481200,67900,1277.8
2019-11-27,UBL,2019-12-26,1226.0,1261.5,1226.0,1258.35,1256.15,1258.35,1111,973161000.0,1413300,221200,1255.25
2019-11-26,UBL,2019-12-26,1250.0,1269.45,1228.15,1234.35,1235.0,1234.35,1571,1374222000.0,1192100,375900,1225.85
2019-11-25,UBL,2019-12-26,1221.3,1234.6,1206.0,1229.75,1227.15,1229.75,824,705236000.0,816200,301000,1222.25
2019-11-22,UBL,2019-12-26,1227.05,1239.2,1223.0,1225.75,1223.0,1225.75,614,528038000.0,515200,371700,1221.75
2019-11-21,UBL,2019-12-26,1231.0,1248.25,1228.3,1230.95,1234.6,1230.95,108,93447000.0,143500,3500,1227.3
2019-11-20,UBL,2019-12-26,1228.6,1241.5,1221.85,1230.05,1233.0,1230.05,203,174860000.0,140000,75600,1222.05
2019-11-19,UBL,2019-12-26,1245.0,1245.0,1237.0,1237.15,1237.15,1238.0,12,10428000.0,64400,700,1230.65
2019-11-18,UBL,2019-12-26,1251.4,1252.0,1248.0,1252.0,1252.0,1254.5,44,38409000.0,63700,24500,1246.7
2019-11-15,UBL,2019-12-26,1256.35,1261.45,1250.0,1250.0,1250.0,1250.0,9,7915000.000000001,39200,700,1247.95
2019-11-14,UBL,2019-12-26,1240.0,1243.5,1240.0,1243.5,1243.5,1258.7,2,1738000.0,38500,0,1250.25
2019-11-13,UBL,2019-12-26,1256.9,1256.9,1255.2,1255.4,1255.4,1250.9,4,3517000.0,38500,0,1242.25
2019-11-11,UBL,2019-12-26,1247.0,1278.3,1247.0,1255.0,1255.0,1255.45,6,5279000.0,38500,-2100,1246.4
2019-11-08,UBL,2019-12-26,1229.0,1301.1,1229.0,1263.6,1263.6,1263.6,37,33013000.0,40600,10500,1255.4
2019-11-07,UBL,2019-12-26,1263.0,1270.0,1245.55,1248.7,1248.7,1248.7,22,19398000.0,30100,7000,1236.6
2019-11-06,UBL,2019-12-26,1220.3,1279.25,1217.7,1263.7,1279.25,1263.7,15,13012000.0,23100,3500,1257.45
2019-11-05,UBL,2019-12-26,1249.7,1251.9,1229.75,1236.25,1236.25,1227.85,8,6938000.0,19600,2100,1217.85
2019-11-04,UBL,2019-12-26,1272.05,1272.15,1271.45,1271.45,1271.45,1244.1,4,3561000.0,17500,2100,1233.7
2019-11-01,UBL,2019-12-26,1269.35,1269.35,1259.15,1265.55,1265.55,1260.35,25,22201000.0,15400,11200,1249.15
2019-10-31,UBL,2019-11-28,1257.9,1292.45,1257.9,1280.7,1278.65,1280.7,1720,1543625000.0,1942500,282800,1276.15
2019-10-30,UBL,2019-11-28,1322.15,1322.15,1256.15,1273.35,1272.15,1273.35,1938,1729054000.0,1659700,623000,1265.55
2019-10-29,UBL,2019-11-28,1315.0,1315.0,1288.0,1299.0,1304.5,1299.0,1136,1035456000.0,1036700,398300,1290.85
2019-10-27,UBL,2019-11-28,1326.0,1335.5,1318.0,1328.0,1327.2,1328.0,116,107535999.99999999,638400,-25200,1324.25
2019-10-25,UBL,2019-11-28,1350.15,1370.75,1343.45,1346.45,1343.5,1346.45,478,454978000.0,663600,213500,1337.75
2019-10-24,UBL,2019-11-28,1352.05,1365.0,1334.1,1355.7,1359.0,1355.7,73,68959000.0,450100,7000,1350.65
2019-10-23,UBL,2019-11-28,1329.25,1356.0,1325.8,1343.95,1345.6,1343.95,188,176648000.0,443100,53200,1333.0
2019-10-22,UBL,2019-11-28,1331.5,1333.45,1308.8,1329.7,1330.45,1329.7,90,83568000.0,389900,2100,1318.9
2019-10-18,UBL,2019-11-28,1323.8,1339.0,1323.75,1336.0,1336.0,1336.0,13,12106000.0,387800,1400,1330.0
2019-10-17,UBL,2019-11-28,1314.9,1330.6,1310.0,1329.85,1330.0,1329.85,13,12022000.0,386400,0,1322.6
2019-10-16,UBL,2019-11-28,1290.05,1307.85,1281.15,1304.2,1307.85,1304.2,13,11792000.0,386400,3500,1298.4
2019-10-15,UBL,2019-11-28,1298.2,1298.85,1293.5,1293.5,1293.5,1293.5,83,75478000.0,382900,42000,1286.1
2019-10-14,UBL,2019-11-28,1283.7,1292.3,1278.25,1286.1,1286.55,1286.1,469,421862000.0,340900,317800,1276.35
2019-10-11,UBL,2019-11-28,1261.0,1261.0,1261.0,1261.0,1261.0,1273.25,24,21398000.0,23100,16800,1263.35
2019-10-10,UBL,2019-11-28,1291.1,1291.1,1286.95,1288.35,1287.0,1288.35,3,2706000.0,6300,2100,1281.4
2019-10-09,UBL,2019-11-28,1267.55,1281.0,1262.35,1281.0,1281.0,1291.95,8,7114000.0,4200,2800,1281.55
2019-10-07,UBL,2019-11-28,0.0,0.0,0.0,1333.35,1333.35,1264.35,0,0.0,1400,0,1253.75
2019-10-04,UBL,2019-11-28,0.0,0.0,0.0,1333.35,1333.35,1281.4,0,0.0,1400,0,1269.7
2019-10-03,UBL,2019-11-28,1333.4,1333.4,1333.35,1333.35,1333.35,1339.05,2,1867000.0000000002,1400,1400,1326.55
2019-10-01,UBL,2019-11-28,0.0,0.0,0.0,1385.1,0.0,1337.8,0,0.0,0,0,1324.8
2019-09-30,UBL,2019-10-31,1358.15,1368.95,1351.0,1358.15,1357.65,1358.15,549,523285000.00000006,1467900,44100,1347.15
2019-09-27,UBL,2019-10-31,1367.15,1372.45,1351.0,1363.35,1363.5,1363.35,570,544207000.0,1423800,50400,1351.2
2019-09-26,UBL,2019-10-31,1359.9,1373.9,1354.55,1366.1,1365.0,1366.1,781,746938000.0,1373400,203000,1354.7
2019-09-25,UBL,2019-10-31,1372.25,1376.9,1345.4,1363.3,1360.05,1363.3,669,636533000.0,1170400,126000,1355.8
2019-09-24,UBL,2019-10-31,1381.05,1389.0,1345.4,1381.6,1381.75,1381.6,1137,1087534000.0,1044400,505400,1372.85
2019-09-23,UBL,2019-10-31,1331.95,1399.25,1325.5,1388.15,1386.65,1388.15,1278,1230312000.0,539000,235900,1381.75
2019-09-20,UBL,2019-10-31,1236.0,1289.95,1226.5,1284.35,1282.4,1284.35,790,706276000.0,303100,148400,1276.2
2019-09-19,UBL,2019-10-31,1254.0,1254.4,1229.3,1235.95,1239.0,1235.95,76,65932000.00000001,154700,28700,1228.0
2019-09-18,UBL,2019-10-31,1262.6,1262.6,1247.2,1259.4,1261.15,1259.4,89,78235000.0,126000,24500,1250.65
2019-09-17,UBL,2019-10-31,1270.7,1270.7,1262.5,1263.0,1262.5,1263.0,19,16860000.0,101500,2800,1255.35
2019-09-16,UBL,2019-10-31,1281.5,1290.0,1253.0,1283.2,1283.05,1283.2,34,30330000.0,98700,7000,1273.75
2019-09-13,UBL,2019-10-31,1285.2,1286.45,1277.7,1286.0,1286.0,1286.0,8,7184999.999999999,91700,1400,1276.65
2019-09-12,UBL,2019-10-31,1300.0,1300.0,1288.0,1288.0,1288.0,1280.5,2,1812000.0,90300,700,1269.95
2019-09-11,UBL,2019-10-31,1309.7,1317.0,1304.65,1317.0,1317.0,1317.0,5,4587000.0,89600,1400,1306.0
2019-09-09,UBL,2019-10-31,1301.0,1301.0,1300.95,1300.95,1300.95,1300.95,3,2732000.0,88200,700,1288.9
2019-09-06,UBL,2019-10-31,1306.25,1317.15,1306.25,1315.8,1316.75,1315.8,8,7362000.0,87500,2100,1299.05
2019-09-05,UBL,2019-10-31,1333.75,1333.75,1326.6,1331.5,1328.4,1331.5,126,117417000.0,85400,84000,1321.3
2019-09-04,UBL,2019-10-31,1320.35,1327.2,1320.35,1326.0,1326.0,1342.65,3,2781000.0,1400,1400,1329.8
2019-09-03,UBL,2019-10-31,0.0,0.0,0.0,1427.7,0.0,1326.95,0,0.0,0,0,1314.05
2019-08-30,UBL,2019-09-26,1365.0,1380.65,1353.85,1377.05,1375.9,1377.05,675,646241000.0,823900,42700,1372.05
2019-08-29,UBL,2019-09-26,1347.2,1371.0,1337.1,1366.3,1365.9,1366.3,1224,1163486000.0,781200,81900,1363.9
2019-08-28,UBL,2019-09-26,1339.0,1345.3,1325.65,1334.8,1344.7,1334.8,837,782723000.0,699300,228900,1329.4
2019-08-27,UBL,2019-09-26,1360.2,1360.2,1332.0,1354.3,1354.0,1354.3,438,413001000.0,470400,94500,
2019-08-26,UBL,2019-09-26,1320.75,1365.2,1299.2,1352.75,1351.1,1352.75,858,800561000.0,375900,253400,1350.45
2019-08-23,UBL,2019-09-26,1282.65,1315.85,1268.15,1308.75,1307.3,1308.75,188,171222000.0,122500,32200,1305.25
2019-08-22,UBL,2019-09-26,1284.4,1312.6,1278.8,1293.15,1291.65,1293.15,153,139227000.0,90300,43400,1291.45
2019-08-21,UBL,2019-09-26,1320.55,1320.55,1266.7,1289.85,1291.85,1289.85,215,193523000.0,46900,21000,1286.0
2019-08-20,UBL,2019-09-26,1316.5,1333.3,1312.05,1322.0,1322.0,1322.0,35,32320999.999999996,25900,700,1319.1
2019-08-19,UBL,2019-09-26,1339.0,1340.25,1315.85,1320.9,1320.9,1335.6,19,17619000.0,25200,3500,1327.0
2019-08-16,UBL,2019-09-26,1340.05,1340.05,1329.0,1330.7,1329.0,1330.7,10,9344000.0,21700,2800,1338.6
2019-08-14,UBL,2019-09-26,1291.95,1363.0,1291.95,1363.0,1363.0,1384.95,5,4706000.0,18900,0,1374.8
2019-08-13,UBL,2019-09-26,1360.65,1366.85,1360.65,1364.7,1362.55,1364.7,3,2863000.0,18900,0,1360.95
2019-08-09,UBL,2019-09-26,1367.85,1372.6,1356.5,1373.6,1372.6,1373.6,4,3829999.9999999995,18900,700,1379.05
2019-08-08,UBL,2019-09-26,1375.05,1375.05,1348.2,1348.2,1348.2,1377.25,7,6638000.0,18200,700,1365.7
2019-08-07,UBL,2019-09-26,1405.4,1405.4,1381.2,1381.25,1381.25,1381.25,4,3893000.0,17500,1400,1392.65
2019-08-06,UBL,2019-09-26,0.0,0.0,0.0,1394.0,1394.0,1412.55,0,0.0,16100,0,1399.7
2019-08-05,UBL,2019-09-26,0.0,0.0,0.0,1394.0,1394.0,1422.35,0,0.0,16100,0,1409.1
2019-08-02,UBL,2019-09-26,0.0,0.0,0.0,1394.0,1394.0,1425.65,0,0.0,16100,0,1411.7
2019-08-01,UBL,2019-09-26,1401.55,1401.55,1393.5,1394.0,1394.0,1416.8,17,16622999.999999998,16100,10500,1402.6
2019-07-31,UBL,2019-08-29,1390.0,1414.0,1366.45,1408.4,1401.1,1408.4,1145,1116258000.0,1070300,18900,1415.45
2019-07-30,UBL,2019-08-29,1425.0,1432.3,1388.0,1393.85,1388.0,1393.85,1685,1664058000.0000002,1050700,-2800,1400.25
2019-07-29,UBL,2019-08-29,1406.4,1429.0,1395.1,1416.85,1412.9,1416.85,1614,1596838000.0,1053500,67900,1421.45
2019-07-26,UBL,2019-08-29,1392.5,1409.8,1387.0,1406.0,1407.0,1406.0,910,892564000.0,985600,-44800,1404.5
2019-07-25,UBL,2019-08-29,1383.95,1413.45,1383.3,1402.1,1396.3,1402.1,1154,1131357000.0,1030400,113400,1402.4
2019-07-24,UBL,2019-08-29,1405.0,1405.45,1368.2,1379.05,1386.0,1379.05,784,756982000.0,917000,164500,1375.65
2019-07-23,UBL,2019-08-29,1388.6,1412.75,1374.9,1391.6,1401.65,1391.6,1040,1009634000.0,752500,416500,1392.4
2019-07-22,UBL,2019-08-29,1368.4,1390.3,1368.05,1385.35,1389.45,1385.35,490,472780000.0,336000,255500,1379.05
2019-07-19,UBL,2019-08-29,1413.7,1413.7,1378.25,1381.85,1383.25,1381.85,116,113091000.00000001,80500,14700,1372.6
2019-07-18,UBL,2019-08-29,1390.0,1407.2,1390.0,1405.85,1405.45,1405.85,40,39248000.0,65800,5600,1398.55
2019-07-17,UBL,2019-08-29,1376.0,1423.5,1376.0,1402.95,1404.0,1402.95,126,124822000.0,60200,47600,1392.9
2019-07-16,UBL,2019-08-29,1372.45,1375.5,1370.05,1375.0,1375.0,1381.45,6,5766000.0,12600,-700,1370.25
2019-07-15,UBL,2019-08-29,1385.0,1385.05,1370.0,1370.0,1370.0,1374.0,21,20225000.0,13300,1400,1362.6
2019-07-12,UBL,2019-08-29,1360.6,1395.0,1360.6,1390.55,1390.55,1390.55,7,6768000.000000001,11900,700,1386.0
2019-07-11,UBL,2019-08-29,1368.45,1368.45,1368.0,1368.25,1368.0,1368.25,2,1916000.0,11200,700,1365.35
2019-07-10,UBL,2019-08-29,1358.05,1367.0,1358.0,1362.45,1362.45,1362.45,5,4766000.0,10500,0,1352.7
2019-07-09,UBL,2019-08-29,1376.0,1376.0,1354.0,1357.7,1357.7,1363.7,6,5712000.0,10500,0,1350.9
2019-07-08,UBL,2019-08-29,1376.5,1386.0,1376.5,1386.0,1386.0,1388.75,3,2899000.0,10500,700,1375.5
2019-07-05,UBL,2019-08-29,1378.2,1386.0,1378.2,1386.0,1386.0,1394.8,2,1935000.0000000002,9800,700,1380.8
2019-07-04,UBL,2019-08-29,1386.0,1386.6,1383.3,1386.6,1386.6,1386.6,5,4848000.0,9100,2800,1367.85
2019-07-03,UBL,2019-08-29,1388.95,1403.95,1388.95,1392.35,1392.35,1401.3,4,3904000.0,6300,1400,1386.6
2019-07-02,UBL,2019-08-29,1365.0,1365.0,1365.0,1365.0,1365.0,1367.05,1,956000.0,4900,700,1352.45
2019-07-01,UBL,2019-08-29,0.0,0.0,0.0,1352.9,1352.85,1370.1,0,0.0,4200,0,1355.2
2019-06-28,UBL,2019-07-25,1340.65,1358.95,1331.5,1349.1,1352.4,1349.1,1238,1166107000.0,1307600,11200,1339.0
2019-06-27,UBL,2019-07-25,1365.0,1365.0,1322.05,1331.9,1336.85,1331.9,1110,1036637000.0000001,1296400,210700,1321.65
2019-06-26,UBL,2019-07-25,1348.0,1357.0,1335.1,1343.85,1348.5,1343.85,633,595724000.0,1085700,123900,1334.5
2019-06-25,UBL,2019-07-25,1358.5,1362.0,1347.0,1350.0,1349.0,1350.0,792,751163000.0,961800,352800,1339.6
2019-06-24,UBL,2019-07-25,1358.3,1380.55,1357.6,1367.75,1366.8,1367.75,797,762431000.0,609000,159600,1359.95
2019-06-21,UBL,2019-07-25,1349.85,1374.7,1349.45,1360.85,1361.75,1360.85,108,102980000.0,449400,19600,1350.65
2019-06-20,UBL,2019-07-25,1345.9,1361.0,1345.9,1359.75,1356.85,1359.75,33,31274000.0,429800,5600,1347.5
2019-06-19,UBL,2019-07-25,1369.25,1371.3,1349.8,1351.1,1351.0,1351.1,208,197684000.0,424200,132300,1348.85
2019-06-18,UBL,2019-07-25,1344.0,1357.05,1324.3,1347.0,1353.15,1347.0,450,423879000.0,291900,275800,1343.15
2019-06-17,UBL,2019-07-25,1353.55,1362.0,1345.0,1358.9,1358.9,1354.2,16,15138000.0,16100,700,1344.75
2019-06-14,UBL,2019-07-25,1363.0,1384.3,1352.05,1353.85,1353.55,1353.85,20,19175000.0,15400,2100,1348.1
2019-06-13,UBL,2019-07-25,0.0,0.0,0.0,1370.85,1370.85,1361.7,0,0.0,13300,0,1351.2
2019-06-12,UBL,2019-07-25,1357.85,1370.85,1357.85,1370.85,1370.85,1370.85,5,4777000.0,13300,2800,1357.55
2019-06-11,UBL,2019-07-25,0.0,0.0,0.0,1349.65,1352.7,1358.45,0,0.0,10500,0,1347.5
2019-06-10,UBL,2019-07-25,1345.0,1368.0,1345.0,1349.65,1352.7,1349.65,11,10432000.0,10500,6300,1339.55
2019-06-07,UBL,2019-07-25,1323.55,1323.6,1323.55,1323.6,1323.6,1323.6,2,1853000.0,4200,700,1309.65
2019-06-06,UBL,2019-07-25,1356.0,1356.0,1356.0,1356.0,1356.0,1327.95,1,949000.0,3500,0,1315.75
2019-06-04,UBL,2019-07-25,1365.8,1365.8,1365.8,1365.8,1365.8,1352.7,1,956000.0,3500,700,1339.65
2019-06-03,UBL,2019-07-25,0.0,0.0,0.0,1347.5,1347.5,1346.8,0,0.0,2800,0,1333.5
2019-05-31,UBL,2019-06-27,1362.0,1366.15,1335.0,1350.15,1349.75,1350.15,1384,1308017000.0,1704500,49000,1344.6
2019-05-30,UBL,2019-06-27,1370.55,1380.0,1350.0,1364.15,1363.0,1364.15,1224,1167559000.0,1655500,169400,1354.65
2019-05-29,UBL,2019-06-27,1381.3,1382.0,1366.1,1371.0,1371.15,1371.0,949,911827000.0,1486100,277200,1361.1
2019-05-28,UBL,2019-06-27,1393.0,1398.5,1375.0,1386.5,1387.0,1386.5,1375,1335656000.0,1208900,498400,1376.45
2019-05-27,UBL,2019-06-27,1412.0,1422.0,1376.9,1382.15,1387.8,1382.15,1206,1182336000.0,710500,381500,1370.1
2019-05-24,UBL,2019-06-27,1400.05,1435.0,1400.0,1433.45,1428.75,1433.45,428,427509000.0,329000,118300,1422.35
2019-05-23,UBL,2019-06-27,1439.25,1443.8,1393.05,1397.65,1400.1,1397.65,324,318646000.0,210700,40600,1386.95
2019-05-22,UBL,2019-06-27,1425.8,1442.55,1388.85,1437.95,1433.2,1437.95,220,217640000.0,170100,37800,1425.1
2019-05-21,UBL,2019-06-27,1350.0,1495.0,1350.0,1440.3,1438.25,1440.3,419,423860999.99999994,132300,74900,1426.2
2019-05-20,UBL,2019-06-27,1388.95,1424.9,1360.1,1376.85,1374.0,1376.85,106,102040000.0,57400,31500,1374.25
2019-05-17,UBL,2019-06-27,1368.0,1370.75,1347.5,1368.3,1368.3,1372.4,33,31387000.0,25900,10500,1361.45
2019-05-16,UBL,2019-06-27,1360.65,1365.0,1333.0,1352.3,1352.3,1352.3,28,26511000.0,15400,-1400,1349.5
2019-05-15,UBL,2019-06-27,1376.0,1378.25,1358.0,1360.5,1362.0,1360.5,17,16255000.000000002,16800,6300,1351.9
2019-05-14,UBL,2019-06-27,1370.3,1387.2,1370.3,1387.2,1387.2,1380.2,5,4823000.0,10500,2800,1368.35
2019-05-13,UBL,2019-06-27,1365.9,1365.9,1365.9,1365.9,1365.9,1365.9,2,1914999.9999999998,7700,-700,1353.8
2019-05-10,UBL,2019-06-27,0.0,0.0,0.0,1372.65,1372.65,1364.25,1,958000.0,8400,700,1351.45
2019-05-09,UBL,2019-06-27,1372.65,1372.65,1372.65,1372.65,1372.65,1385.2,1,961000.0,7700,0,1372.0
2019-05-08,UBL,2019-06-27,1369.15,1385.0,1369.15,1385.0,1385.0,1374.85,3,2897000.0,7700,1400,1361.5
2019-05-07,UBL,2019-06-27,1396.75,1396.75,1388.85,1389.25,1388.85,1389.25,7,6820000.0,6300,0,1380.35
2019-05-06,UBL,2019-06-27,0.0,0.0,0.0,1423.65,1423.65,1388.25,0,0.0,6300,0,1374.2
2019-05-03,UBL,2019-06-27,0.0,0.0,0.0,1423.65,1423.65,1401.0,0,0.0,6300,0,1386.0
2019-05-02,UBL,2019-06-27,1424.05,1424.05,1423.6,1423.65,1423.65,1423.65,9,8970000.0,6300,2800,1411.4
2019-04-30,UBL,2019-05-30,1426.75,1437.8,1418.55,1426.95,1427.6,1426.95,1137,1136770000.0,2057300,65100,1418.95
2019-04-26,UBL,2019-05-30,1460.0,1463.95,1423.35,1441.0,1436.65,1441.0,1757,1771157000.0,1992200,76300,1435.65
2019-04-25,UBL,2019-05-30,1437.75,1472.65,1436.1,1458.95,1462.5,1458.95,1818,1853895000.0,1915900,375200,1450.45
2019-04-24,UBL,2019-05-30,1414.0,1443.8,1414.0,1439.95,1439.75,1439.95,1207,1210790000.0,1540700,478800,1428.85
2019-04-23,UBL,2019-05-30,1434.95,1437.0,1425.0,1430.35,1428.7,1430.35,1043,1043614000.0,1061900,540400,1419.55
2019-04-22,UBL,2019-05-30,1429.7,1440.0,1414.0,1429.6,1432.0,1429.6,731,731114000.0,521500,323400,1419.2
2019-04-18,UBL,2019-05-30,1446.4,1446.4,1427.0,1431.45,1432.7,1431.45,312,313093000.0,198100,159600,1420.05
2019-04-16,UBL,2019-05-30,1423.95,1458.1,1415.55,1455.35,1452.95,1455.35,62,62577000.0,38500,11900,1442.5
2019-04-15,UBL,2019-05-30,1425.45,1425.45,1418.0,1420.75,1420.75,1420.75,6,5967000.0,26600,1400,1409.35
2019-04-12,UBL,2019-05-30,1439.7,1439.7,1432.6,1435.1,1435.1,1435.1,13,13075000.0,25200,2800,1422.85
2019-04-11,UBL,2019-05-30,1425.0,1434.0,1425.0,1432.25,1434.0,1432.25,4,4001000.0,22400,1400,1418.75
2019-04-10,UBL,2019-05-30,1436.0,1436.0,1421.95,1421.95,1421.95,1421.95,3,3000000.0,21000,700,1406.0
2019-04-09,UBL,2019-05-30,1419.9,1437.0,1412.45,1437.0,1437.0,1438.75,16,15908000.000000002,20300,700,1424.95
2019-04-08,UBL,2019-05-30,1434.55,1434.55,1429.0,1429.0,1429.0,1429.0,3,3007000.0,19600,-1400,1413.15
2019-04-05,UBL,2019-05-30,1451.0,1456.4,1430.0,1432.7,1435.4,1432.7,6,6052000.0,21000,700,1421.95
2019-04-04,UBL,2019-05-30,1432.0,1445.0,1432.0,1442.65,1445.0,1442.65,9,9081000.0,20300,3500,1421.9
2019-04-03,UBL,2019-05-30,1422.0,1428.95,1415.0,1415.0,1415.0,1415.0,4,3977000.0000000005,16800,1400,1401.0
2019-04-02,UBL,2019-05-30,1406.5,1429.8,1406.5,1418.5,1418.5,1418.5,4,3977000.0000000005,15400,2100,1406.95
2019-04-01,UBL,2019-05-30,1425.4,1440.8,1415.6,1421.25,1415.6,1421.25,18,18037000.0,13300,7000,1412.9
2019-03-29,UBL,2019-04-25,1380.6,1410.75,1380.6,1405.9,1408.0,1405.9,1660,1625132000.0,2296000,-67900,1394.8
2019-03-28,UBL,2019-04-25,1365.0,1385.4,1346.3,1378.4,1378.8,1378.4,3093,2962412000.0,2363900,492100,1374.9
2019-03-27,UBL,2019-04-25,1369.7,1426.45,1358.05,1365.35,1359.9,1365.35,3539,3447180000.0000005,1871800,562100,1354.45
2019-03-26,UBL,2019-04-25,1283.4,1359.3,1283.4,1354.6,1353.0,1354.6,1723,1606124000.0,1309700,458500,1347.6
2019-03-25,UBL,2019-04-25,1358.35,1358.35,1321.7,1326.1,1329.9,1326.1,976,912950000.0,851200,368900,1319.25
2019-03-22,UBL,2019-04-25,1398.9,1403.0,1371.0,1374.05,1380.75,1374.05,309,300849000.0,482300,169400,1368.1
2019-03-20,UBL,2019-04-25,1395.0,1405.0,1392.0,1395.5,1392.15,1395.5,443,434401000.0,312900,275100,1384.65
2019-03-19,UBL,2019-04-25,1394.0,1403.0,1390.0,1391.35,1390.0,1391.35,22,21473000.0,37800,700,1381.6
2019-03-18,UBL,2019-04-25,1406.4,1408.55,1398.15,1404.2,1404.2,1404.2,19,18678000.0,37100,-700,1389.75
2019-03-15,UBL,2019-04-25,1394.0,1408.25,1393.8,1394.0,1393.8,1394.0,22,21550000.0,37800,0,1388.1
2019-03-14,UBL,2019-04-25,1398.0,1398.0,1370.0,1387.7,1391.2,1387.7,44,42619000.0,37800,-1400,1378.15
2019-03-13,UBL,2019-04-25,1424.7,1426.45,1373.0,1382.45,1380.0,1382.45,46,44950000.0,39200,8400,1373.25
2019-03-12,UBL,2019-04-25,1402.0,1416.95,1402.0,1411.6,1407.0,1411.6,27,26682000.0,30800,3500,1399.2
2019-03-11,UBL,2019-04-25,1400.8,1403.0,1393.1,1396.2,1394.2,1396.2,17,16644000.0,27300,0,1381.1
2019-03-08,UBL,2019-04-25,1403.85,1403.85,1393.1,1393.55,1394.0,1393.55,10,9791000.0,27300,3500,1381.8
2019-03-07,UBL,2019-04-25,1407.65,1427.45,1407.65,1427.0,1427.0,1402.4,12,11931000.0,23800,5600,1388.3
2019-03-06,UBL,2019-04-25,1410.0,1418.7,1406.9,1406.9,1406.9,1406.9,10,9880000.0,18200,4200,1392.4
2019-03-05,UBL,2019-04-25,1393.2,1402.2,1393.2,1402.0,1402.0,1392.35,5,4898000.0,14000,700,1377.8
2019-03-01,UBL,2019-04-25,1371.0,1391.2,1371.0,1389.5,1391.2,1389.5,12,11616000.0,13300,2800,1377.95
2019-02-28,UBL,2019-03-28,1345.0,1360.0,1340.7,1352.7,1350.05,1352.7,1369,1295695000.0,2589300,355600,1343.7
2019-02-27,UBL,2019-03-28,1346.7,1367.75,1332.45,1341.35,1345.65,1341.35,1391,1313284000.0,2233700,399700,1335.7
2019-02-26,UBL,2019-03-28,1353.8,1361.9,1330.1,1342.45,1345.85,1342.45,1527,1438904000.0,1834000,525000,1333.6
2019-02-25,UBL,2019-03-28,1396.25,1396.25,1353.0,1366.3,1366.45,1366.3,906,865127000.0,1309000,422800,1357.35
2019-02-22,UBL,2019-03-28,1362.65,1378.0,1361.55,1372.6,1376.2,1372.6,314,301569000.0,886200,99400,1366.8
2019-02-21,UBL,2019-03-28,1367.0,1383.0,1364.85,1369.4,1367.4,1369.4,930,894343000.0,786800,597800,1359.3
2019-02-20,UBL,2019-03-28,1370.85,1370.9,1356.0,1367.7,1366.7,1367.7,62,59198000.0,189000,16800,1360.0
2019-02-19,UBL,2019-03-28,1339.6,1362.85,1339.6,1354.4,1354.1,1354.4,128,121216000.00000001,172200,37800,1346.3
2019-02-18,UBL,2019-03-28,1354.0,1361.5,1334.6,1355.1,1351.35,1355.1,181,171123000.0,134400,95200,1344.15
2019-02-15,UBL,2019-03-28,1420.0,1420.0,1337.0,1346.2,1341.0,1346.2,51,48241000.0,39200,-4200,1337.75
2019-02-14,UBL,2019-03-28,1405.2,1429.0,1405.2,1422.3,1426.65,1422.3,23,22837000.0,43400,6300,1403.7
2019-02-13,UBL,2019-03-28,1416.9,1416.9,1404.3,1405.05,1405.0,1405.05,13,12826000.0,37100,0,1394.4
2019-02-12,UBL,2019-03-28,1403.5,1405.75,1399.75,1403.25,1405.75,1403.25,7,6870999.999999999,37100,700,1389.25
2019-02-11,UBL,2019-03-28,1385.7,1409.25,1380.0,1388.65,1390.25,1388.65,51,49929000.0,36400,9800,1375.2
2019-02-08,UBL,2019-03-28,1398.3,1405.0,1380.0,1392.5,1380.0,1392.5,11,10758000.0,26600,2100,1380.5
2019-02-07,UBL,2019-03-28,1410.0,1413.75,1408.5,1408.5,1408.5,1403.45,9,8884000.0,24500,-1400,1389.2
2019-02-06,UBL,2019-03-28,1410.0,1410.0,1410.0,1410.0,1410.0,1416.65,2,1973999.9999999998,25900,1400,1401.95
2019-02-05,UBL,2019-03-28,1438.75,1443.0,1438.25,1443.0,1443.0,1434.65,16,16133000.000000002,24500,7000,1419.5
2019-02-04,UBL,2019-03-28,1443.0,1443.0,1443.0,1443.0,1443.0,1454.55,1,1010000.0,17500,0,1438.85
2019-02-01,UBL,2019-03-28,1470.0,1475.95,1442.0,1442.0,1442.0,1463.8,11,11221000.0,17500,4900,1447.15
2019-01-31,UBL,2019-02-28,1439.0,1452.95,1404.75,1436.8,1450.0,1436.8,1303,1298770000.0,1745100,216300,1428.8
2019-01-30,UBL,2019-02-28,1453.0,1453.0,1422.35,1434.4,1429.0,1434.4,658,660615000.0,1528800,81200,1428.45
2019-01-29,UBL,2019-02-28,1388.3,1455.55,1388.3,1447.3,1450.6,1447.3,746,752385000.0,1447600,99400,1437.05
2019-01-28,UBL,2019-02-28,1431.9,1431.9,1385.0,1411.7,1412.0,1411.7,923,906568000.0,1348200,327600,1404.35
2019-01-25,UBL,2019-02-28,1470.15,1474.8,1427.5,1435.9,1443.45,1435.9,498,504081000.00000006,1020600,123200,1427.8
2019-01-24,UBL,2019-02-28,1452.1,1479.1,1452.1,1458.9,1456.55,1458.9,741,758037000.0,897400,245700,1448.3
2019-01-23,UBL,2019-02-28,1467.55,1467.55,1452.7,1454.45,1454.8,1454.45,134,136938000.0,651700,38500,1444.9
2019-01-22,UBL,2019-02-28,1480.0,1481.8,1453.3,1469.55,1469.35,1469.55,251,257817999.99999997,613200,25900,1459.4
2019-01-21,UBL,2019-02-28,1431.25,1493.65,1431.25,1490.35,1489.25,1490.35,251,258771000.0,587300,70000,1485.75
2019-01-18,UBL,2019-02-28,1418.0,1428.65,1416.3,1425.3,1428.65,1425.3,39,38786000.0,517300,16800,1414.8
2019-01-17,UBL,2019-02-28,1440.65,1440.65,1416.55,1420.1,1420.1,1420.1,20,19961000.0,500500,5600,
2019-01-16,UBL,2019-02-28,1435.1,1437.3,1427.3,1427.3,1427.3,1427.3,500,501521000.0,494900,339500,1416.65
2019-01-15,UBL,2019-02-28,1398.95,1435.0,1398.95,1431.65,1435.0,1431.65,121,120714000.00000001,155400,42700,1419.2
2019-01-14,UBL,2019-02-28,1391.95,1400.6,1388.4,1394.6,1390.7,1394.6,85,83004000.0,112700,28700,1380.05
2019-01-11,UBL,2019-02-28,1394.5,1395.0,1387.6,1391.35,1391.8,1391.35,69,67203000.0,84000,16800,1377.0
2019-01-10,UBL,2019-02-28,1385.8,1395.25,1384.25,1394.15,1393.0,1394.15,40,38845000.0,67200,7700,1378.45
2019-01-09,UBL,2019-02-28,1403.0,1406.7,1390.0,1395.0,1395.0,1395.0,18,17616000.0,59500,5600,1385.3
2019-01-08,UBL,2019-02-28,1402.8,1422.4,1397.3,1419.75,1422.0,1419.75,59,58354999.99999999,53900,16800,1410.85
2019-01-07,UBL,2019-02-28,1399.65,1400.0,1395.0,1395.75,1395.0,1395.75,9,8803000.0,37100,4900,1389.8
2019-01-04,UBL,2019-02-28,1375.0,1375.0,1375.0,1375.0,1375.0,1386.8,11,10557000.0,32200,6300,1371.15
2019-01-03,UBL,2019-02-28,1389.95,1390.0,1381.45,1381.45,1381.45,1384.4,4,3881000.0,25900,0,1368.5
2019-01-02,UBL,2019-02-28,1365.0,1368.5,1363.0,1368.5,1368.5,1368.5,11,10516000.0,25900,5600,1355.45
2019-01-01,UBL,2019-02-28,1384.95,1385.0,1369.5,1371.55,1371.55,1378.95,10,9623000.0,20300,2100,1362.7
2018-12-31,UBL,2019-01-31,1392.9,1399.55,1375.3,1382.0,1376.85,1382.0,1761,1711650000.0,1942500,-7000,1377.0
2018-12-28,UBL,2019-01-31,1380.15,1391.8,1370.25,1386.6,1390.0,1386.6,1818,1761537000.0,1949500,67900,1377.55
2018-12-27,UBL,2019-01-31,1360.15,1386.0,1354.4,1373.5,1371.15,1373.5,1967,1886725999.9999998,1881600,223300,1364.95
2018-12-26,UBL,2019-01-31,1346.7,1374.9,1323.0,1368.0,1362.15,1368.0,1628,1536652000.0,1658300,222600,1358.15
2018-12-24,UBL,2019-01-31,1366.05,1382.0,1341.0,1355.6,1360.0,1355.6,1719,1634185000.0,1435700,664300,1350.35
2018-12-21,UBL,2019-01-31,1387.0,1392.0,1348.6,1357.15,1359.9,1357.15,911,870978000.0000001,771400,343700,1346.4
2018-12-20,UBL,2019-01-31,1380.0,1395.0,1363.95,1376.45,1382.9,1376.45,350,338458000.0,427700,81200,1369.85
2018-12-19,UBL,2019-01-31,1390.0,1417.0,1374.3,1378.8,1378.05,1378.8,657,643166000.0,346500,149800,1368.2
2018-12-18,UBL,2019-01-31,1314.9,1385.0,1314.9,1380.0,1381.45,1380.0,348,331174000.0,196700,114800,1375.9
2018-12-17,UBL,2019-01-31,1278.05,1327.55,1275.9,1308.85,1310.6,1308.85,137,124664000.00000001,81900,51100,1303.1
2018-12-14,UBL,2019-01-31,1280.5,1290.0,1258.45,1268.05,1268.65,1268.05,32,28420000.0,30800,11200,1257.4
2018-12-13,UBL,2019-01-31,1256.9,1273.2,1256.9,1272.65,1272.35,1272.65,17,15081000.0,19600,4200,1258.2
2018-12-12,UBL,2019-01-31,1245.25,1265.0,1245.25,1246.9,1246.8,1246.9,22,19297000.0,15400,2800,1236.6
2018-12-11,UBL,2019-01-31,1200.0,1243.05,1200.0,1243.05,1243.0,1243.05,8,6856999.999999999,12600,-1400,1235.0
2018-12-10,UBL,2019-01-31,1205.0,1218.0,1205.0,1211.4,1211.4,1220.05,6,5100000.0,14000,2100,1207.1
2018-12-07,UBL,2019-01-31,1230.0,1241.1,1222.1,1236.5,1236.0,1236.5,9,7773999.999999999,11900,0,1230.6
2018-12-06,UBL,2019-01-31,1209.95,1238.0,1209.95,1230.0,1230.0,1230.0,13,11121000.0,11900,4900,1226.3
2018-12-05,UBL,2019-01-31,1240.25,1240.25,1207.65,1207.65,1207.65,1222.05,8,6837000.0,7000,2800,1207.8
2018-12-04,UBL,2019-01-31,0.0,0.0,0.0,1251.1,1251.1,1250.8,0,0.0,4200,0,1236.0
2018-12-03,UBL,2019-01-31,1251.1,1251.1,1251.1,1251.1,1251.1,1252.4,1,876000.0,4200,700,1237.35
2018-11-30,UBL,2018-12-27,1239.1,1256.85,1235.05,1244.65,1244.6,1244.65,1964,1714974000.0000002,2047500,170100,1239.9
2018-11-29,UBL,2018-12-27,1255.05,1258.45,1230.0,1238.5,1234.65,1238.5,1255,1090153000.0,1877400,214900,1236.45
2018-11-28,UBL,2018-12-27,1277.55,1279.0,1238.75,1247.5,1246.95,1247.5,1941,1711934000.0,1662500,885500,1242.65
2018-11-27,UBL,2018-12-27,1295.0,1304.95,1266.0,1270.9,1267.45,1270.9,1300,1171513000.0,777000,484400,1265.0
2018-11-26,UBL,2018-12-27,1308.0,1308.0,1280.0,1296.2,1294.55,1296.2,591,534189999.99999994,292600,142100,1291.5
2018-11-22,UBL,2018-12-27,1319.75,1341.85,1298.05,1305.95,1306.0,1305.95,273,253644999.99999997,150500,26600,1301.2
2018-11-21,UBL,2018-12-27,1300.0,1329.0,1287.15,1323.3,1323.95,1323.3,193,177168000.0,123900,48300,1319.95
2018-11-20,UBL,2018-12-27,1312.0,1332.0,1284.55,1295.8,1300.0,1295.8,85,77351000.0,75600,25200,1292.65
2018-11-19,UBL,2018-12-27,1334.0,1337.45,1312.25,1323.25,1322.5,1323.25,41,37902000.0,50400,10500,1317.65
2018-11-16,UBL,2018-12-27,1316.0,1335.0,1311.3,1324.0,1324.0,1326.85,32,29633999.999999996,39900,5600,1315.6
2018-11-15,UBL,2018-12-27,1332.0,1340.15,1299.0,1323.6,1316.0,1323.6,42,38714000.0,34300,9800,1312.45
2018-11-14,UBL,2018-12-27,1315.5,1315.6,1298.0,1312.6,1312.6,1312.6,16,14641000.0,24500,700,1301.45
2018-11-13,UBL,2018-12-27,1286.0,1316.2,1286.0,1313.0,1313.0,1313.0,14,12819999.999999998,23800,2800,1300.0
2018-11-12,UBL,2018-12-27,1285.0,1299.1,1285.0,1299.1,1299.1,1288.65,5,4526000.0,21000,700,1276.65
2018-11-09,UBL,2018-12-27,1275.75,1278.85,1275.75,1278.85,1278.85,1273.55,2,1788000.0,20300,1400,1260.9
2018-11-07,UBL,2018-12-27,1271.0,1276.35,1271.0,1273.7,1276.35,1273.7,2,1782999.9999999998,18900,700,1255.3
2018-11-06,UBL,2018-12-27,1250.0,1250.0,1250.0,1250.0,1250.0,1261.95,1,875000.0,18200,700,1248.65
2018-11-05,UBL,2018-12-27,1258.55,1258.55,1258.55,1258.55,1258.55,1258.55,1,881000.0,17500,0,1256.5
2018-11-02,UBL,2018-12-27,1266.2,1287.05,1258.0,1258.0,1258.0,1273.05,12,10725000.0,17500,-700,1258.65
2018-11-01,UBL,2018-12-27,1238.5,1254.65,1238.5,1245.7,1251.45,1245.7,11,9597000.0,18200,4900,1236.15
2018-10-31,UBL,2018-11-29,1180.95,1237.95,1155.1,1226.65,1224.3,1226.65,3655,3078489000.0,2128000,38500,1219.9
2018-10-30,UBL,2018-11-29,1150.45,1183.0,1150.45,1177.7,1175.0,1177.7,1824,1496115000.0,2089500,180600,1170.95
2018-10-29,UBL,2018-11-29,1114.05,1167.9,1113.0,1162.15,1164.05,1162.15,2404,1928166999.9999998,1908900,138600,1155.1
2018-10-26,UBL,2018-11-29,1160.1,1179.5,1110.55,1120.2,1115.5,1120.2,2281,1818622000.0,1770300,172200,1114.75
2018-10-25,UBL,2018-11-29,1161.9,1182.15,1141.0,1171.4,1172.5,1171.4,1808,1469119000.0,1598100,120400,1163.75
2018-10-24,UBL,2018-11-29,1185.55,1202.0,1161.2,1176.75,1171.1,1176.75,1073,884709000.0,1477700,256200,1166.9
2018-10-23,UBL,2018-11-29,1191.1,1204.95,1143.7,1181.5,1181.9,1181.5,1435,1181608000.0,1221500,324800,1174.05
2018-10-22,UBL,2018-11-29,1190.0,1219.75,1188.95,1200.75,1206.4,1200.75,1254,1058207000.0,896700,465500,1192.8
2018-10-19,UBL,2018-11-29,1209.0,1209.0,1170.45,1194.9,1201.35,1194.9,489,407095000.0,431200,161700,1185.2
2018-10-17,UBL,2018-11-29,1187.9,1240.3,1185.3,1216.25,1214.4,1216.25,227,192502000.0,269500,23800,1209.75
2018-10-16,UBL,2018-11-29,1194.0,1194.0,1132.8,1167.55,1169.25,1167.55,82,66262000.0,245700,15400,1159.05
2018-10-15,UBL,2018-11-29,1180.0,1190.0,1180.0,1180.85,1180.85,1190.4,9,7459000.0,230300,2800,1179.5
2018-10-12,UBL,2018-11-29,1193.05,1193.05,1160.0,1185.0,1185.0,1184.15,9,7417000.0,227500,-700,1172.6
2018-10-11,UBL,2018-11-29,1185.0,1229.95,1173.9,1200.0,1200.0,1200.0,38,31999000.0,228200,16100,1187.9
2018-10-10,UBL,2018-11-29,1197.0,1207.4,1195.3,1207.4,1207.4,1207.95,93,78013000.0,212100,45500,1195.7
2018-10-09,UBL,2018-11-29,1157.0,1177.65,1143.0,1177.65,1177.65,1175.85,188,151051000.0,166600,115500,1163.6
2018-10-08,UBL,2018-11-29,1150.0,1150.0,1101.0,1132.55,1137.5,1132.55,29,22718000.0,51100,14700,1131.55
2018-10-05,UBL,2018-11-29,1220.0,1220.0,1138.55,1140.6,1138.55,1140.6,28,22918000.0,36400,-3500,1135.25
2018-10-04,UBL,2018-11-29,1282.0,1289.0,1219.9,1254.1,1254.1,1254.85,10,8811000.0,39900,1400,1240.35
2018-10-03,UBL,2018-11-29,1320.9,1320.9,1294.0,1295.35,1295.35,1302.8,11,10076000.0,38500,-1400,1287.5
2018-10-01,UBL,2018-11-29,1355.0,1360.5,1300.0,1341.55,1334.05,1341.55,27,25329000.0,39900,11900,1328.0
2018-09-28,UBL,2018-10-25,1431.0,1470.95,1338.1,1364.35,1375.0,1364.35,3264,3233490000.0,1620500,53900,1357.35
2018-09-27,UBL,2018-10-25,1419.8,1440.05,1395.25,1421.25,1429.35,1421.25,2208,2197262000.0,1566600,88900,1417.0
2018-09-26,UBL,2018-10-25,1404.95,1452.8,1382.1,1423.05,1416.0,1423.05,2449,2418397000.0,1477700,326200,1418.2
2018-09-25,UBL,2018-10-25,1318.5,1399.7,1318.5,1391.0,1394.45,1391.0,1481,1406945000.0,1151500,336700,1385.15
2018-09-24,UBL,2018-10-25,1317.3,1342.0,1306.1,1328.6,1336.35,1328.6,1205,1118904000.0,814800,400400,
2018-09-21,UBL,2018-10-25,1341.4,1348.3,1245.25,1320.95,1323.35,1320.95,757,701698000.0,414400,158200,1311.9
2018-09-19,UBL,2018-10-25,1334.45,1341.45,1303.5,1315.45,1317.9,1315.45,261,241131000.0,256200,115500,1307.65
2018-09-18,UBL,2018-10-25,1343.25,1366.35,1313.5,1318.75,1322.55,1318.75,103,96962000.0,140700,30100,1306.15
2018-09-17,UBL,2018-10-25,1305.0,1337.6,1305.0,1330.0,1330.0,1332.8,33,30741000.000000004,110600,4900,1322.4
2018-09-14,UBL,2018-10-25,1333.3,1339.65,1328.0,1328.15,1328.0,1328.15,12,11193000.0,105700,2800,1316.0
2018-09-12,UBL,2018-10-25,1311.4,1331.65,1288.0,1331.65,1331.65,1331.65,13,11962000.0,102900,5600,1315.45
2018-09-11,UBL,2018-10-25,1318.65,1340.0,1301.95,1302.75,1302.0,1302.75,20,18451000.0,97300,2800,1281.05
2018-09-10,UBL,2018-10-25,1340.0,1340.0,1304.0,1312.05,1306.15,1312.05,46,42565000.0,94500,12600,1295.1
2018-09-07,UBL,2018-10-25,1350.55,1356.75,1322.85,1354.0,1352.95,1354.0,68,63904999.99999999,81900,34300,1338.45
2018-09-06,UBL,2018-10-25,1338.0,1372.0,1335.0,1367.75,1367.75,1353.85,12,11370000.0,47600,1400,1340.45
2018-09-05,UBL,2018-10-25,1324.65,1330.0,1292.35,1328.6,1327.2,1328.6,17,15644999.999999998,46200,1400,1315.5
2018-09-04,UBL,2018-10-25,1385.7,1385.7,1314.0,1319.65,1318.1,1319.65,21,19694000.0,44800,2100,1312.65
2018-09-03,UBL,2018-10-25,1398.0,1426.3,1387.25,1394.35,1388.1,1394.35,20,19682000.0,42700,4900,1381.4
2018-08-31,UBL,2018-09-27,1427.0,1433.25,1395.85,1412.25,1409.0,1412.25,1652,1634060000.0,2006200,-51100,1404.1
2018-08-30,UBL,2018-09-27,1390.0,1448.0,1379.25,1431.55,1429.0,1431.55,3466,3453408999.9999995,2057300,413700,1420.95
2018-08-29,UBL,2018-09-27,1384.7,1409.85,1380.05,1397.55,1398.6,1397.55,1374,1341496000.0,1643600,248500,1387.7
2018-08-28,UBL,2018-09-27,1399.2,1403.0,1377.3,1381.9,1382.6,1381.9,1412,1371338000.0,1395100,512400,1373.9
2018-08-27,UBL,2018-09-27,1405.75,1415.95,1388.1,1396.05,1403.25,1396.05,1188,1165537000.0,882700,361900,1387.55
2018-08-24,UBL,2018-09-27,1459.3,1470.25,1391.0,1402.9,1393.0,1402.9,1083,1086129000.0,520800,249200,1395.7
2018-08-23,UBL,2018-09-27,1377.5,1462.5,1372.7,1452.25,1460.7,1452.25,527,525254000.0,271600,138600,1444.85
2018-08-21,UBL,2018-09-27,1388.0,1408.0,1379.0,1383.35,1383.55,1383.35,115,111855000.0,133000,4900,1374.3
2018-08-20,UBL,2018-09-27,1385.0,1412.2,1380.0,1396.65,1394.0,1396.65,72,70346000.0,128100,9800,1385.1
2018-08-17,UBL,2018-09-27,1387.4,1424.0,1370.0,1396.55,1395.6,1396.55,194,189189000.0,118300,34300,1385.75
2018-08-16,UBL,2018-09-27,1336.85,1413.25,1336.85,1404.65,1413.0,1404.65,119,114940000.00000001,84000,23800,1395.35
2018-08-14,UBL,2018-09-27,1292.0,1346.15,1283.4,1342.2,1342.95,1342.2,75,69382000.0,60200,20300,1336.05
2018-08-13,UBL,2018-09-27,1216.7,1302.7,1216.7,1298.95,1302.0,1298.95,113,100803000.0,39900,12600,1297.8
2018-08-10,UBL,2018-09-27,1198.0,1222.65,1186.8,1208.0,1201.0,1208.0,42,35408000.0,27300,2100,1204.75
2018-08-09,UBL,2018-09-27,1166.2,1212.35,1166.2,1211.25,1211.35,1211.25,34,28382000.0,25200,6300,1199.65
2018-08-08,UBL,2018-09-27,1169.05,1170.95,1163.7,1163.7,1163.7,1163.7,4,3271000.0,18900,2800,1160.9
2018-08-07,UBL,2018-09-27,1153.55,1153.55,1153.55,1153.55,1153.55,1165.5,1,807000.0,16100,700,1153.55
2018-08-06,UBL,2018-09-27,1174.0,1176.0,1161.1,1161.1,1161.1,1174.3,25,20470000.0,15400,2800,1161.95
2018-08-03,UBL,2018-09-27,1114.7,1143.0,1114.7,1142.35,1139.75,1142.35,15,11919000.0,12600,4900,1132.8
2018-08-02,UBL,2018-09-27,1110.95,1110.95,1110.6,1110.6,1110.6,1110.6,3,2333000.0,7700,700,1100.5
2018-08-01,UBL,2018-09-27,1125.75,1132.5,1115.3,1126.3,1115.3,1126.3,9,7091000.0,7000,1400,1116.95
2018-07-31,UBL,2018-08-30,1132.05,1147.35,1064.95,1097.65,1110.3,1097.65,2919,2271919000.0,1703100,88900,1090.85
2018-07-30,UBL,2018-08-30,1128.05,1130.9,1110.15,1127.35,1130.5,1127.35,1164,914702000.0,1614200,74200,1119.35
2018-07-27,UBL,2018-08-30,1109.95,1130.0,1097.0,1125.05,1129.85,1125.05,1515,1187389000.0,1540000,108500,1117.0
2018-07-26,UBL,2018-08-30,1101.15,1113.0,1082.45,1097.85,1102.0,1097.85,1303,997290000.0,1431500,81900,1094.8
2018-07-25,UBL,2018-08-30,1107.0,1130.0,1097.2,1114.85,1106.0,1114.85,1564,1222211000.0,1349600,399000,1110.55
2018-07-24,UBL,2018-08-30,1055.55,1117.65,1055.0,1109.3,1107.0,1109.3,1404,1077998000.0,950600,195300,1107.1
2018-07-23,UBL,2018-08-30,1069.0,1092.05,1053.1,1077.0,1060.8,1077.0,1182,885059000.0,755300,396900,1071.45
2018-07-20,UBL,2018-08-30,1115.0,1115.0,1075.35,1078.75,1077.95,1078.75,594,455177000.00000006,358400,139300,1070.9
2018-07-19,UBL,2018-08-30,1115.0,1132.9,1039.2,1124.15,1120.6,1124.15,434,328818000.0,219100,75600,1120.65
2018-07-18,UBL,2018-08-30,1170.05,1170.05,1110.0,1116.3,1113.9,1116.3,293,232417000.0,143500,99400,1109.7
2018-07-17,UBL,2018-08-30,1147.0,1190.0,1147.0,1169.1,1166.6,1169.1,77,63362000.0,44100,18900,1168.0
2018-07-16,UBL,2018-08-30,1204.45,1204.45,1147.0,1147.0,1147.0,1157.1,21,17237000.0,25200,1400,1146.75
2018-07-13,UBL,2018-08-30,1190.0,1203.55,1174.45,1203.55,1203.55,1203.55,27,22454000.0,23800,14000,1193.95
2018-07-12,UBL,2018-08-30,1191.3,1202.0,1180.0,1190.0,1190.0,1190.0,7,5823000.0,9800,0,1183.65
2018-07-11,UBL,2018-08-30,1200.0,1200.0,1190.0,1190.0,1190.0,1190.0,3,2507000.0,9800,-1400,1187.15
2018-07-10,UBL,2018-08-30,1201.95,1214.25,1200.0,1207.5,1214.25,1207.5,10,8443000.0,11200,2800,1203.4
2018-07-09,UBL,2018-08-30,1176.7,1176.7,1176.7,1176.7,1176.7,1187.8,1,824000.0,8400,700,1175.5
2018-07-06,UBL,2018-08-30,1167.05,1177.3,1167.05,1170.0,1170.0,1170.0,4,3284000.0000000005,7700,700,1170.4
2018-07-05,UBL,2018-08-30,1180.0,1180.0,1150.0,1150.0,1150.0,1156.6,5,4084000.0000000005,7000,-2100,1143.7
2018-07-04,UBL,2018-08-30,1158.75,1185.0,1155.1,1183.8,1184.0,1183.8,6,4918000.0,9100,700,1178.35
2018-07-03,UBL,2018-08-30,1135.0,1177.05,1135.0,1177.05,1177.05,1181.8,10,8125000.0,8400,2100,1168.15
2018-07-02,UBL,2018-08-30,1130.0,1130.95,1109.3,1109.3,1109.3,1129.55,6,4705000.0,6300,700,1116.2
2018-06-29,UBL,2018-07-26,1138.4,1161.95,1136.0,1157.2,1160.95,1157.2,1472,1185310000.0,1399300,-14000,1151.4
2018-06-28,UBL,2018-07-26,1155.25,1185.0,1122.75,1128.9,1138.9,1128.9,2216,1787639000.0,1413300,437500,1123.05
2018-06-27,UBL,2018-07-26,1215.25,1217.2,1150.8,1164.45,1161.05,1164.45,1598,1322792000.0,975800,408800,1156.3
2018-06-26,UBL,2018-07-26,1225.0,1240.4,1212.0,1226.2,1222.05,1226.2,1029,883551000.0,567000,220500,1217.35
2018-06-25,UBL,2018-07-26,1275.0,1281.9,1202.9,1219.35,1224.0,1219.35,681,591239000.0,346500,245000,1218.25
2018-06-22,UBL,2018-07-26,1287.25,1305.0,1270.0,1277.85,1275.5,1277.85,208,187049000.0,101500,43400,1267.7
2018-06-21,UBL,2018-07-26,1276.0,1289.0,1273.3,1286.65,1288.45,1286.65,26,23340000.0,58100,-4200,1276.1
2018-06-20,UBL,2018-07-26,1289.75,1293.0,1265.0,1269.35,1269.7,1269.35,55,49207000.0,62300,14000,1262.7
2018-06-19,UBL,2018-07-26,1296.35,1315.0,1279.4,1285.15,1287.5,1285.15,73,66204000.0,48300,11200,1278.6
2018-06-18,UBL,2018-07-26,1270.0,1291.0,1267.0,1289.3,1291.0,1289.3,33,29608000.0,37100,2100,1284.25
2018-06-15,UBL,2018-07-26,1296.0,1310.0,1271.0,1275.15,1275.15,1281.6,31,27992000.0,35000,6300,1270.8
2018-06-14,UBL,2018-07-26,1281.2,1304.3,1278.0,1300.45,1296.35,1300.45,21,18958000.0,28700,2800,1290.35
2018-06-13,UBL,2018-07-26,1280.0,1283.5,1276.0,1278.55,1278.55,1290.35,16,14335000.0,25900,0,1278.95
2018-06-12,UBL,2018-07-26,1280.0,1295.0,1277.2,1292.45,1293.0,1292.45,10,9018000.0,25900,3500,1289.8
2018-06-11,UBL,2018-07-26,1262.5,1290.0,1262.5,1268.7,1275.9,1268.7,38,33957000.0,22400,2100,1270.8
2018-06-08,UBL,2018-07-26,0.0,0.0,0.0,1233.65,1233.65,1239.85,0,0.0,20300,0,1227.55
2018-06-07,UBL,2018-07-26,1188.85,1238.1,1188.85,1233.65,1233.65,1239.15,21,17960000.0,20300,12600,1226.45
2018-06-06,UBL,2018-07-26,1173.0,1188.55,1173.0,1186.55,1188.55,1186.55,5,4129999.9999999995,7700,2800,1186.4
2018-06-05,UBL,2018-07-26,1198.65,1198.65,1150.1,1157.8,1161.4,1157.8,5,4074000.0,4900,1400,1157.85
2018-06-04,UBL,2018-07-26,1165.0,1165.0,1165.0,1165.0,1165.0,1184.9,1,816000.0,3500,700,1172.0
2018-06-01,UBL,2018-07-26,1172.6,1172.6,1172.4,1172.4,1172.4,1178.3,2,1642000.0000000002,2800,0,1164.8
2018-05-31,UBL,2018-06-28,1191.3,1201.0,1171.0,1176.3,1180.5,1176.3,1772,1462834000.0,1236200,352800,1170.5
2018-05-30,UBL,2018-06-28,1201.25,1225.7,1187.55,1191.75,1191.7,1191.75,1721,1449441000.0,883400,356300,1184.4
2018-05-29,UBL,2018-06-28,1145.0,1206.3,1145.0,1200.6,1196.95,1200.6,1130,935964000.0,527100,156100,1198.25
2018-05-28,UBL,2018-06-28,1200.0,1210.0,1142.35,1153.6,1146.95,1153.6,772,628580000.0,371000,231700,1150.95
2018-05-25,UBL,2018-06-28,1234.4,1273.95,1177.0,1192.95,1195.25,1192.95,957,822716000.0,139300,86100,1183.35
2018-05-24,UBL,2018-06-28,1184.2,1198.0,1178.0,1191.95,1194.0,1191.95,82,68057000.0,53200,11200,1180.0
2018-05-23,UBL,2018-06-28,1189.65,1196.05,1176.0,1182.95,1181.0,1182.95,36,29854000.000000004,42000,9100,1177.65
2018-05-22,UBL,2018-06-28,1155.75,1187.6,1148.25,1180.25,1178.05,1180.25,32,26199000.0,32900,4200,1174.15
2018-05-21,UBL,2018-06-28,1162.0,1170.0,1139.2,1158.55,1158.55,1158.55,35,28216000.000000004,28700,7000,1144.65
2018-05-18,UBL,2018-06-28,1149.45,1149.45,1135.0,1135.05,1135.05,1135.05,16,12781000.0,21700,4900,1133.85
2018-05-17,UBL,2018-06-28,1138.45,1138.45,1126.75,1126.75,1126.75,1126.75,2,1586000.0,16800,700,1120.7
2018-05-16,UBL,2018-06-28,1121.15,1127.45,1119.5,1119.5,1119.5,1124.85,6,4716000.0,16100,3500,1115.1
2018-05-15,UBL,2018-06-28,1127.0,1137.85,1120.0,1120.0,1120.0,1131.35,3,2369000.0,12600,0,1121.4
2018-05-14,UBL,2018-06-28,1112.0,1112.05,1112.0,1112.0,1112.0,1115.25,5,3892000.0,12600,2100,1105.25
2018-05-11,UBL,2018-06-28,1102.2,1107.0,1102.2,1107.0,1107.0,1122.85,3,2318000.0,10500,700,1112.25
2018-05-10,UBL,2018-06-28,1140.8,1140.8,1140.8,1140.8,1140.8,1107.35,1,799000.0,9800,700,1096.7
2018-05-09,UBL,2018-06-28,0.0,0.0,0.0,1146.25,1146.25,1131.2,0,0.0,9100,0,1120.2
2018-05-08,UBL,2018-06-28,1150.55,1150.55,1146.25,1146.25,1146.25,1140.85,2,1607999.9999999998,9100,0,1129.55
2018-05-07,UBL,2018-06-28,1155.05,1155.05,1155.0,1155.0,1155.0,1142.0,2,1617000.0000000002,9100,1400,1130.55
2018-05-04,UBL,2018-06-28,1154.85,1154.85,1154.85,1154.85,1154.85,1140.45,1,808000.0,7700,0,1128.4
2018-05-03,UBL,2018-06-28,1155.0,1155.0,1143.4,1150.2,1150.2,1145.7,7,5637000.0,7700,-700,1133.4
2018-05-02,UBL,2018-06-28,1209.25,1209.25,1165.05,1165.05,1165.05,1174.9,2,1662000.0,8400,1400,1162.1
2018-04-30,UBL,2018-05-31,1208.1,1255.0,1170.0,1203.6,1203.9,1203.6,1136,946742000.0,841400,-19600,1200.55
2018-04-27,UBL,2018-05-31,1146.8,1201.0,1138.1,1194.85,1199.25,1194.85,2932,2432110000.0,861000,142100,1186.55
2018-04-26,UBL,2018-05-31,1125.05,1143.0,1120.1,1138.05,1137.0,1138.05,1217,960924000.0,718900,159600,1136.85
2018-04-25,UBL,2018-05-31,1109.4,1144.0,1106.95,1121.55,1119.25,1121.55,1209,953984000.0,559300,352100,1114.0
2018-04-24,UBL,2018-05-31,1122.0,1136.0,1101.3,1120.25,1123.55,1120.25,388,303862000.0,207200,107800,1113.65
2018-04-23,UBL,2018-05-31,1134.55,1139.5,1116.9,1120.0,1119.0,1120.0,223,175440000.0,99400,28000,1117.2
2018-04-20,UBL,2018-05-31,1117.95,1138.0,1113.0,1130.2,1134.15,1130.2,104,82202000.0,71400,14000,1127.6
2018-04-19,UBL,2018-05-31,1095.6,1121.0,1084.6,1118.25,1114.5,1118.25,47,36275000.0,57400,6300,1113.0
2018-04-18,UBL,2018-05-31,1119.2,1121.2,1096.05,1097.35,1097.3,1097.35,43,33383000.0,51100,5600,1091.85
2018-04-17,UBL,2018-05-31,1065.9,1113.55,1061.0,1092.9,1113.55,1092.9,27,20589000.0,45500,11900,1084.25
2018-04-16,UBL,2018-05-31,1047.0,1054.05,1047.0,1053.7,1054.0,1053.7,4,2946000.0,33600,-700,1047.0
2018-04-13,UBL,2018-05-31,1040.05,1041.05,1040.0,1040.0,1040.0,1049.2,11,8011000.0,34300,3500,1039.9
2018-04-12,UBL,2018-05-31,1036.15,1043.35,1030.85,1040.0,1043.35,1040.0,33,23869000.0,30800,12600,1037.0
2018-04-11,UBL,2018-05-31,1014.9,1023.55,1014.9,1018.7,1023.55,1018.7,7,4974000.0,18200,0,1018.8
2018-04-10,UBL,2018-05-31,0.0,0.0,0.0,1007.2,1007.2,1004.25,0,0.0,18200,0,994.85
2018-04-09,UBL,2018-05-31,1013.2,1019.0,1007.2,1007.2,1007.2,1013.5,6,4259000.0,18200,0,1003.8
2018-04-06,UBL,2018-05-31,1018.3,1019.2,1003.7,1009.4,1009.4,1011.8,11,7815000.000000001,18200,5600,1001.55
2018-04-05,UBL,2018-05-31,968.05,995.65,968.05,995.5,995.5,1002.0,8,5545000.0,12600,2800,991.65
2018-04-04,UBL,2018-05-31,970.85,970.85,970.85,970.85,970.85,974.5,1,680000.0,9800,-700,964.2
2018-04-03,UBL,2018-05-31,0.0,0.0,0.0,980.75,980.3,990.3,0,0.0,10500,0,979.5
2018-04-02,UBL,2018-05-31,971.0,981.8,971.0,980.75,980.3,980.75,148,101165000.0,10500,-97300,972.1
2018-03-28,UBL,2018-04-26,965.15,966.9,946.5,952.45,951.05,952.45,1149,770617000.0,1026900,255500,
2018-03-27,UBL,2018-04-26,969.95,975.55,950.6,970.35,971.4,970.35,857,578860000.0,771400,229600,964.85
2018-03-26,UBL,2018-04-26,948.0,973.0,916.0,969.75,968.95,969.75,865,574116000.0,541800,255500,962.9
2018-03-23,UBL,2018-04-26,961.05,961.9,930.85,950.1,946.9,950.1,299,198568000.0,286300,88200,941.85
2018-03-22,UBL,2018-04-26,960.0,981.0,950.0,970.9,971.0,970.9,107,72363000.0,198100,32900,963.85
2018-03-21,UBL,2018-04-26,1024.35,1024.35,960.0,968.2,960.85,968.2,208,142267000.0,165200,23100,959.25
2018-03-20,UBL,2018-04-26,1010.0,1011.35,1003.0,1009.55,1010.45,1009.55,11,7762000.0,142100,2100,1003.4
2018-03-19,UBL,2018-04-26,1003.2,1003.2,985.0,1003.0,1003.0,1003.0,16,11162000.0,140000,6300,995.25
2018-03-16,UBL,2018-04-26,1034.0,1034.0,1015.0,1016.0,1016.0,1016.0,9,6436000.0,133700,3500,1005.05
2018-03-15,UBL,2018-04-26,1033.5,1038.6,1028.0,1031.55,1031.55,1032.2,10,7239000.0,130200,1400,1023.55
2018-03-14,UBL,2018-04-26,1020.0,1032.2,1015.9,1027.65,1032.2,1027.65,14,10004000.0,128800,7000,1018.0
2018-03-13,UBL,2018-04-26,1026.35,1026.35,1026.35,1026.35,1026.35,1029.85,5,3610000.0,121800,700,1020.85
2018-03-12,UBL,2018-04-26,1038.0,1044.35,1033.95,1033.95,1033.95,1042.55,146,106721000.0,121100,98700,1033.2
2018-03-09,UBL,2018-04-26,1031.0,1031.0,1022.0,1023.0,1023.0,1026.6,11,7909000.0,22400,6300,1016.8
2018-03-08,UBL,2018-04-26,1028.0,1031.0,1026.0,1031.0,1031.0,1031.0,17,12274000.0,16100,0,1025.3
2018-03-07,UBL,2018-04-26,1029.4,1031.5,1018.0,1027.5,1018.0,1027.5,16,11467000.0,16100,1400,1021.65
2018-03-06,UBL,2018-04-26,1037.25,1046.05,1027.0,1027.0,1027.0,1027.0,8,5813000.0,14700,-700,1030.35
2018-03-05,UBL,2018-04-26,0.0,0.0,0.0,1063.05,1063.05,1049.15,0,0.0,15400,0,1038.35
2018-03-01,UBL,2018-04-26,1063.05,1063.05,1063.05,1063.05,1063.05,1063.05,1,744000.0,15400,0,1054.2
2018-01-31,UBL,2018-02-22,1140.0,1157.0,1128.55,1145.4,1144.8,1145.4,766,613058000.0,1058400,-1400,1146.55
2018-01-30,UBL,2018-02-22,1121.15,1159.0,1102.1,1142.05,1139.25,1142.05,935,748980000.0,1059800,-7700,1137.9
2018-01-29,UBL,2018-02-22,1142.85,1157.0,1133.05,1143.9,1140.0,1143.9,1033,827645000.0000001,1067500,70700,1158.5
2018-01-25,UBL,2018-02-22,1129.95,1151.0,1111.9,1133.25,1133.0,1133.25,2819,2230800000.0,996800,467600,1142.75
2018-01-24,UBL,2018-02-22,1110.05,1152.6,1110.05,1142.35,1135.0,1142.35,1921,1525492000.0,529200,276500,1144.4
2018-01-23,UBL,2018-02-22,1160.0,1187.0,1136.5,1165.2,1160.1,1165.2,743,603541000.0,252700,105700,1160.15
2018-01-22,UBL,2018-02-22,1097.85,1179.25,1097.85,1160.75,1165.5,1160.75,426,342448000.0,147000,82600,1155.55
2018-01-19,UBL,2018-02-22,1095.0,1107.65,1075.9,1101.25,1104.0,1101.25,76,58105999.99999999,64400,7700,1096.05
2018-01-18,UBL,2018-02-22,1135.05,1146.0,1062.55,1086.6,1091.25,1086.6,119,93811000.0,56700,16800,1081.15
2018-01-17,UBL,2018-02-22,1064.65,1142.0,1064.65,1138.2,1135.05,1138.2,55,43186000.0,39900,9800,1131.15
2018-01-16,UBL,2018-02-22,1146.65,1146.7,1085.0,1089.3,1085.0,1089.3,46,35955000.0,30100,-1400,1087.05
2018-01-15,UBL,2018-02-22,1174.45,1179.4,1166.8,1166.8,1166.8,1155.05,6,4925000.0,31500,700,1146.95
2018-01-12,UBL,2018-02-22,1185.95,1192.85,1162.0,1165.25,1165.25,1168.7,16,13152000.000000002,30800,0,1159.9
2018-01-11,UBL,2018-02-22,1137.0,1202.1,1137.0,1185.2,1180.0,1185.2,37,30333999.999999996,30800,7700,1178.1
2018-01-10,UBL,2018-02-22,1148.65,1161.65,1135.9,1135.9,1135.9,1139.25,8,6436000.0,23100,0,1130.4
2018-01-09,UBL,2018-02-22,1164.0,1179.75,1150.5,1150.5,1150.5,1150.5,25,20393000.0,23100,3500,1140.15
2018-01-08,UBL,2018-02-22,1163.5,1167.65,1161.5,1165.25,1165.25,1164.95,10,8152000.0,19600,-700,1155.55
2018-01-05,UBL,2018-02-22,1116.6,1172.8,1116.6,1156.15,1156.15,1156.15,21,16763000.0,20300,8400,1151.35
2018-01-04,UBL,2018-02-22,1086.0,1095.75,1084.4,1087.2,1084.4,1087.2,9,6863000.0,11900,2800,1078.85
2018-01-03,UBL,2018-02-22,1058.45,1067.35,1058.45,1067.35,1067.35,1067.35,4,2976000.0,9100,2100,1077.55
2018-01-02,UBL,2018-02-22,1045.95,1045.95,1045.95,1045.95,1045.95,1040.1,1,732000.0,7000,700,1030.7
2018-01-01,UBL,2018-02-22,1095.0,1095.0,1080.0,1080.0,1080.0,1070.1,4,3044000.0,6300,2800,1060.3
2017-12-29,UBL,2018-01-25,1081.95,1104.7,1070.4,1085.75,1087.9,1085.75,1627,1241306000.0,1667400,14000,1079.0
2017-12-28,UBL,2018-01-25,1091.9,1091.9,1073.7,1080.0,1077.0,1080.0,1921,1455008000.0,1653400,723100,1073.0
2017-12-27,UBL,2018-01-25,1068.45,1083.0,1064.2,1074.8,1078.95,1074.8,1448,1090431000.0,930300,590100,1070.35
2017-12-26,UBL,2018-01-25,1071.0,1083.7,1060.0,1068.75,1066.65,1068.75,596,448931000.00000006,340200,242900,1059.65
2017-12-22,UBL,2018-01-25,1074.25,1087.0,1063.75,1068.75,1068.65,1068.75,147,110670000.0,97300,53200,1061.65
2017-12-21,UBL,2018-01-25,1090.0,1092.0,1070.05,1072.45,1075.0,1072.45,39,29458000.0,44100,11200,1063.0
2017-12-20,UBL,2018-01-25,1093.05,1095.0,1078.8,1081.5,1081.25,1081.5,49,37259000.0,32900,3500,1073.05
2017-12-19,UBL,2018-01-25,1060.0,1091.2,1060.0,1088.85,1088.05,1088.85,56,42448000.0,29400,5600,1080.6
2017-12-18,UBL,2018-01-25,1031.05,1055.5,1031.05,1049.05,1049.05,1046.15,23,16865000.0,23800,4900,1039.1
2017-12-15,UBL,2018-01-25,1038.8,1039.65,1029.55,1033.8,1036.45,1033.8,7,5072000.0,18900,700,1021.3
2017-12-14,UBL,2018-01-25,1023.4,1023.45,1022.8,1022.8,1022.8,1026.05,4,2865000.0,18200,700,1018.5
2017-12-13,UBL,2018-01-25,1037.1,1062.0,1035.05,1055.9,1055.9,1032.8,16,11708000.0,17500,4200,1025.0
2017-12-12,UBL,2018-01-25,1050.4,1050.4,1018.8,1024.45,1018.8,1024.45,13,9414000.0,13300,700,1012.65
2017-12-11,UBL,2018-01-25,1071.55,1071.6,1071.55,1071.6,1071.6,1066.1,2,1500000.0,12600,1400,1057.7
2017-12-08,UBL,2018-01-25,1068.1,1074.75,1063.8,1064.4,1063.8,1064.4,6,4490000.0,11200,700,1058.15
2017-12-07,UBL,2018-01-25,1044.25,1045.65,1039.4,1045.65,1045.65,1046.2,7,5106000.0,10500,4900,1037.25
2017-12-06,UBL,2018-01-25,0.0,0.0,0.0,1080.0,1080.0,1030.7,0,0.0,5600,0,1021.7
2017-12-05,UBL,2018-01-25,1080.0,1080.0,1080.0,1080.0,1080.0,1080.0,1,756000.0,5600,0,1060.95
2017-12-04,UBL,2018-01-25,1071.65,1071.65,1059.5,1060.0,1060.2,1060.0,5,3724000.0,5600,3500,1050.75
2017-12-01,UBL,2018-01-25,1085.0,1090.95,1085.0,1090.95,1090.95,1070.9,2,1523000.0,2100,700,1060.65
2017-11-30,UBL,2017-12-28,1109.65,1111.65,1082.9,1088.6,1092.4,1088.6,1836,1411129000.0,1465800,474600,1083.4
2017-11-29,UBL,2017-12-28,1135.3,1150.0,1105.25,1113.45,1107.3,1113.45,1124,887908000.0,991200,361900,1107.65
2017-11-28,UBL,2017-12-28,1098.05,1135.0,1093.05,1130.25,1130.5,1130.25,1070,834936000.0,629300,350700,1121.65
2017-11-27,UBL,2017-12-28,1093.25,1110.4,1091.4,1098.0,1096.0,1098.0,469,361094000.0,278600,151900,1090.65
2017-11-24,UBL,2017-12-28,1091.75,1110.0,1089.1,1094.15,1090.45,1094.15,116,89368000.0,126700,33600,1086.5
2017-11-23,UBL,2017-12-28,1111.45,1114.25,1081.8,1086.5,1088.0,1086.5,156,119747000.0,93100,59500,1079.65
2017-11-22,UBL,2017-12-28,1088.65,1121.0,1078.25,1119.85,1118.0,1119.85,55,42495000.0,33600,2800,1110.6
2017-11-21,UBL,2017-12-28,1107.0,1107.15,1068.55,1075.6,1072.8,1075.6,16,12075000.0,30800,-1400,1071.2
2017-11-20,UBL,2017-12-28,1154.2,1154.2,1078.0,1085.85,1087.0,1085.85,47,35803000.0,32200,4200,1075.7
2017-11-17,UBL,2017-12-28,1142.3,1181.7,1099.0,1116.35,1099.0,1116.35,56,44938000.0,28000,4900,1101.85
2017-11-16,UBL,2017-12-28,1103.0,1132.45,1103.0,1132.45,1132.45,1132.45,7,5463000.0,23100,0,1125.25
2017-11-15,UBL,2017-12-28,1110.3,1110.3,1091.45,1096.8,1105.45,1096.8,5,3861999.9999999995,23100,-700,1086.45
2017-11-14,UBL,2017-12-28,1116.0,1127.3,1116.0,1126.25,1126.25,1122.5,4,3145000.0,23800,-700,1113.9
2017-11-13,UBL,2017-12-28,1127.5,1130.0,1113.0,1114.0,1113.0,1114.0,7,5507000.0,24500,-1400,1105.8
2017-11-10,UBL,2017-12-28,1137.35,1137.35,1128.0,1132.5,1132.5,1123.75,11,8723000.0,25900,-700,1114.35
2017-11-09,UBL,2017-12-28,1112.9,1118.0,1065.0,1109.3,1105.55,1109.3,59,45188000.0,26600,-1400,1100.9
2017-11-08,UBL,2017-12-28,1184.95,1198.0,1127.7,1147.9,1147.9,1147.9,57,46485000.0,28000,-12600,1137.15
2017-11-07,UBL,2017-12-28,1163.95,1176.0,1139.0,1168.0,1176.0,1168.0,35,28393000.0,40600,0,1147.85
2017-11-06,UBL,2017-12-28,1151.8,1195.0,1130.05,1164.5,1164.5,1152.1,46,37417000.0,40600,15400,1141.65
2017-11-03,UBL,2017-12-28,1078.25,1155.95,1078.25,1141.95,1141.95,1141.95,41,32382000.0,25200,11900,1122.05
2017-11-02,UBL,2017-12-28,1058.2,1079.95,1058.2,1079.95,1079.95,1090.75,3,2242000.0,13300,700,1080.1
2017-11-01,UBL,2017-12-28,1064.35,1072.4,1058.2,1058.2,1058.2,1058.2,7,5225000.0,12600,-2100,1054.1
2017-10-31,UBL,2017-11-30,1050.6,1053.55,1028.0,1033.05,1035.0,1033.05,926,672513000.0,1713600,-30100,1027.35
2017-10-30,UBL,2017-11-30,988.8,1069.7,988.8,1047.95,1052.15,1047.95,4432,3226714000.0,1743700,317800,1041.85
2017-10-27,UBL,2017-11-30,952.25,1050.95,952.25,994.55,993.55,994.55,5547,3941155000.0000005,1425900,204400,986.6
2017-10-26,UBL,2017-11-30,929.95,950.05,912.0,947.4,946.3,947.4,1899,1240785000.0,1221500,211400,941.65
2017-10-25,UBL,2017-11-30,870.0,931.65,859.5,926.65,928.7,926.65,2707,1701209000.0,1010100,551600,920.65
