Date,Symbol,Series,Prev Close,Open,High,Low,Last,Close,VWAP,Volume,Turnover,Trades,Deliverable Volume,%Deliverble
2019-01-01,BAJAJ-AUTO,EQ,2720.15,2735.0,2743.4,2705.0,2726.0,2726.65,2725.76,304150,82903931130000.0,13713,27401,0.0901
2019-01-02,BAJAJ-AUTO,EQ,2726.65,2720.0,2747.25,2677.0,2685.0,2692.0,2703.02,599274,161985100380000.0,32762,123412,0.2059
2019-01-03,BAJAJ-AUTO,EQ,2692.0,2690.1,2723.85,2682.1,2695.0,2701.35,2703.7,310511,83953010470000.0,27154,71290,0.22960000000000003
2019-01-04,BAJAJ-AUTO,EQ,2701.35,2714.0,2742.0,2702.1,2725.5,2734.2,2725.58,362393,98773100500000.0,30653,107982,0.298
2019-01-07,BAJAJ-AUTO,EQ,2734.2,2739.9,2740.0,2645.0,2652.25,2658.55,2691.08,462215,124385816695000.0,43840,180946,0.3915
2019-01-08,BAJAJ-AUTO,EQ,2658.55,2667.0,2700.0,2635.5,2694.85,2694.85,2673.01,486654,130083110034999.98,35860,116634,0.2397
2019-01-09,BAJAJ-AUTO,EQ,2694.85,2702.5,2710.0,2672.5,2693.0,2696.9,2691.92,285560,76870556040000.0,22820,93223,0.3265
2019-01-10,BAJAJ-AUTO,EQ,2696.9,2700.0,2729.0,2680.0,2724.0,2725.3,2719.21,277585,75481106365000.0,32356,101862,0.36700000000000005
2019-01-11,BAJAJ-AUTO,EQ,2725.3,2728.0,2738.7,2700.85,2703.1,2720.95,2720.02,259834,70675444435000.0,21655,74787,0.2878
2019-01-14,BAJAJ-AUTO,EQ,2720.95,2718.0,2747.2,2676.45,2694.15,2699.15,2691.86,170937,46013832515000.0,13086,45411,0.2657
2019-01-15,BAJAJ-AUTO,EQ,2699.15,2705.0,2734.8,2705.0,2725.0,2725.85,2722.44,169721,46205588160000.0,11804,68565,0.40399999999999997
2019-01-16,BAJAJ-AUTO,EQ,2725.85,2736.0,2736.0,2706.0,2715.0,2717.45,2716.39,218357,59314190295000.01,15861,120470,0.5517000000000001
2019-01-17,BAJAJ-AUTO,EQ,2717.45,2722.0,2739.8,2700.8,2739.8,2729.65,2722.72,230784,62835976065000.0,31537,92814,0.4022
2019-01-18,BAJAJ-AUTO,EQ,2729.65,2741.0,2746.5,2696.65,2718.85,2720.75,2717.88,269686,73297397900000.0,31367,105232,0.39020000000000005
2019-01-21,BAJAJ-AUTO,EQ,2720.75,2724.75,2724.75,2670.0,2672.0,2684.6,2687.93,303893,81684215845000.0,31228,119386,0.3929
2019-01-22,BAJAJ-AUTO,EQ,2684.6,2685.0,2695.0,2650.1,2689.55,2688.35,2669.12,273441,72984552190000.0,25843,59369,0.21710000000000002
2019-01-23,BAJAJ-AUTO,EQ,2688.35,2699.0,2699.0,2665.1,2677.95,2674.1,2679.88,205104,54965333554999.99,18229,99043,0.4829
2019-01-24,BAJAJ-AUTO,EQ,2674.1,2684.0,2684.0,2635.0,2651.6,2651.65,2656.4,183566,48762497095000.0,13581,70705,0.38520000000000004
2019-01-25,BAJAJ-AUTO,EQ,2651.65,2622.3,2672.0,2614.05,2620.3,2626.35,2645.46,304062,80438314540000.0,18815,139747,0.4596
2019-01-28,BAJAJ-AUTO,EQ,2626.35,2629.95,2634.0,2545.0,2563.0,2565.55,2565.05,332409,85264592880000.0,27299,137319,0.4131
2019-01-29,BAJAJ-AUTO,EQ,2565.55,2563.0,2597.15,2522.45,2568.1,2567.65,2570.93,424856,109227697120000.0,46158,229772,0.5408
2019-01-30,BAJAJ-AUTO,EQ,2567.65,2571.0,2653.35,2485.0,2492.0,2499.7,2538.92,2450943,622273818005000.0,144110,412484,0.16829999999999998
2019-01-31,BAJAJ-AUTO,EQ,2499.7,2501.15,2570.0,2461.1,2563.0,2554.55,2512.79,1102133,276942583455000.03,75066,270782,0.2457
2019-02-01,BAJAJ-AUTO,EQ,2554.55,2560.0,2670.0,2543.0,2607.0,2602.75,2603.79,1028186,267718382730000.03,71856,275118,0.2676
2019-02-04,BAJAJ-AUTO,EQ,2602.75,2610.0,2672.4,2565.45,2647.0,2642.5,2639.58,817279,215727377925000.0,48017,161919,0.1981
2019-02-05,BAJAJ-AUTO,EQ,2642.5,2647.0,2720.0,2645.0,2710.0,2710.65,2693.66,469089,126356722280000.0,28708,74738,0.1593
2019-02-06,BAJAJ-AUTO,EQ,2710.65,2715.0,2785.0,2714.15,2785.0,2770.15,2750.58,495030,136161722695000.0,33180,106280,0.2147
2019-02-07,BAJAJ-AUTO,EQ,2770.15,2785.0,2872.0,2772.15,2853.65,2853.6,2844.05,983573,279732616425000.0,49306,221402,0.22510000000000002
2019-02-08,BAJAJ-AUTO,EQ,2853.6,2852.0,2879.1,2831.2,2850.0,2851.4,2850.85,1004870,286473573540000.0,32327,592374,0.5895
2019-02-11,BAJAJ-AUTO,EQ,2851.4,2850.0,2870.0,2819.05,2846.95,2853.6,2848.07,712787,203006670750000.0,22245,340690,0.478
2019-02-12,BAJAJ-AUTO,EQ,2853.6,2845.6,2854.0,2819.5,2825.0,2832.35,2830.61,280913,79515615905000.0,19466,91927,0.3272
2019-02-13,BAJAJ-AUTO,EQ,2832.35,2835.0,2845.0,2815.0,2825.0,2823.95,2824.2,377437,106595591605000.0,27920,153001,0.4054
2019-02-14,BAJAJ-AUTO,EQ,2823.95,2820.0,2875.0,2811.25,2823.0,2823.1,2835.34,372416,105592491485000.0,24497,133694,0.359
2019-02-15,BAJAJ-AUTO,EQ,2823.1,2825.15,2850.0,2805.05,2821.0,2825.95,2820.5,867192,244591806610000.0,25553,503927,0.5811000000000001
2019-02-18,BAJAJ-AUTO,EQ,2825.95,2830.0,2835.0,2767.8,2796.0,2793.5,2782.1,296237,82416192375000.0,22445,85381,0.2882
2019-02-19,BAJAJ-AUTO,EQ,2793.5,2801.0,2825.0,2777.5,2779.3,2787.85,2795.62,185862,51960042715000.0,12254,39827,0.2143
2019-02-20,BAJAJ-AUTO,EQ,2787.85,2788.0,2798.0,2737.25,2794.5,2774.7,2764.91,428139,118376633255000.0,29135,126845,0.2963
2019-02-21,BAJAJ-AUTO,EQ,2774.7,2770.0,2829.9,2751.7,2825.0,2813.95,2787.61,281964,78600622160000.0,25446,82058,0.29100000000000004
2019-02-22,BAJAJ-AUTO,EQ,2813.95,2825.0,2847.0,2801.85,2817.0,2816.85,2827.48,431535,122015580530000.0,19834,125231,0.2902
2019-02-25,BAJAJ-AUTO,EQ,2816.85,2817.0,2854.7,2816.9,2845.0,2847.55,2841.32,322524,91639421020000.0,20013,120137,0.3725
2019-02-26,BAJAJ-AUTO,EQ,2847.55,2834.0,2870.0,2812.0,2870.0,2859.3,2847.9,369292,105170625895000.0,20480,135106,0.36590000000000006
2019-02-27,BAJAJ-AUTO,EQ,2859.3,2870.0,2941.0,2870.0,2901.0,2914.7,2912.76,861033,250798550910000.0,40358,327792,0.38070000000000004
2019-02-28,BAJAJ-AUTO,EQ,2914.7,2930.0,2933.8,2864.0,2904.8,2900.6,2900.1,1246854,361599895030000.0,45550,842139,0.6754000000000001
2019-03-01,BAJAJ-AUTO,EQ,2900.6,2914.0,2943.0,2856.2,2861.05,2863.5,2894.19,1008494,291877730355000.0,46288,253957,0.2518
2019-03-05,BAJAJ-AUTO,EQ,2863.5,2835.05,2917.4,2814.8,2895.65,2903.75,2877.3,632301,181931848395000.0,50906,161439,0.2553
2019-03-06,BAJAJ-AUTO,EQ,2903.75,2895.65,2942.0,2876.25,2910.0,2927.6,2902.29,748391,217204515825000.0,25461,402327,0.5376
2019-03-07,BAJAJ-AUTO,EQ,2927.6,2927.0,2927.0,2900.0,2919.5,2919.9,2913.74,392086,114243842559999.98,25083,132192,0.3372
2019-03-08,BAJAJ-AUTO,EQ,2919.9,2910.0,2964.6,2900.05,2962.0,2955.7,2945.67,754427,222229582000000.0,36308,189345,0.251
2019-03-11,BAJAJ-AUTO,EQ,2955.7,2970.0,3012.0,2936.9,3000.0,3000.55,2989.51,1147194,342954220970000.0,37670,638317,0.5564
2019-03-12,BAJAJ-AUTO,EQ,3000.55,3012.0,3020.8,2981.35,2997.0,2996.1,2999.31,503545,151028520495000.0,28373,187402,0.3722
2019-03-13,BAJAJ-AUTO,EQ,2996.1,3002.0,3047.2,2990.0,3010.0,3010.0,3021.28,565499,170852932925000.0,34975,154883,0.27390000000000003
2019-03-14,BAJAJ-AUTO,EQ,3010.0,3012.0,3025.0,2970.0,3007.4,3016.85,3005.68,985558,296227334205000.0,37708,613893,0.6229
2019-03-15,BAJAJ-AUTO,EQ,3016.85,3002.1,3032.2,2980.0,3026.0,3023.8,3012.9,538508,162246988080000.0,37006,277546,0.5154
2019-03-18,BAJAJ-AUTO,EQ,3023.8,3026.9,3047.8,2992.1,2999.6,3005.15,3012.69,341148,102777411875000.0,20979,108184,0.3171
2019-03-19,BAJAJ-AUTO,EQ,3005.15,3008.0,3008.0,2945.0,2974.0,2974.7,2968.58,545621,161972219820000.0,31475,167564,0.30710000000000004
2019-03-20,BAJAJ-AUTO,EQ,2974.7,2969.8,2969.8,2920.05,2954.0,2949.65,2945.02,834351,245717806155000.03,55575,580069,0.6951999999999999
2019-03-22,BAJAJ-AUTO,EQ,2949.65,2960.0,2998.85,2930.05,2939.75,2949.75,2955.16,622630,183997381265000.0,48145,309645,0.49729999999999996
2019-03-25,BAJAJ-AUTO,EQ,2949.75,2934.8,2965.6,2915.25,2960.35,2957.95,2944.79,319510,94088937020000.0,18292,152837,0.4783
2019-03-26,BAJAJ-AUTO,EQ,2957.95,2961.05,2968.0,2939.0,2957.0,2952.8,2949.66,322020,94984904635000.0,17099,139305,0.4326
2019-03-27,BAJAJ-AUTO,EQ,2952.8,2965.0,2995.0,2950.0,2985.0,2980.1,2975.09,402423,119724611850000.0,25610,188491,0.46840000000000004
2019-03-28,BAJAJ-AUTO,EQ,2980.1,2989.0,3020.45,2915.0,2954.0,2948.8,2975.72,1800550,535793097830000.0,58564,909180,0.5049
2019-03-29,BAJAJ-AUTO,EQ,2948.8,2953.0,2953.0,2891.55,2897.0,2911.1,2913.95,739326,215435628115000.0,53177,269154,0.3641
2019-04-01,BAJAJ-AUTO,EQ,2911.1,2947.95,2950.0,2901.5,2916.0,2915.65,2921.41,679984,198651291145000.0,42506,345134,0.5075999999999999
2019-04-02,BAJAJ-AUTO,EQ,2915.65,2918.0,2938.35,2842.0,2848.0,2853.1,2881.52,938624,270466481790000.0,69997,276724,0.2948
2019-04-03,BAJAJ-AUTO,EQ,2853.1,2860.0,2877.1,2831.0,2850.0,2847.3,2852.29,484790,138276400590000.02,40606,170427,0.3515
2019-04-04,BAJAJ-AUTO,EQ,2847.3,2862.0,2884.05,2850.0,2855.0,2859.1,2866.39,662281,189835752100000.0,36256,379494,0.573
2019-04-05,BAJAJ-AUTO,EQ,2859.1,2869.65,2880.0,2852.25,2867.0,2861.65,2866.32,272382,78073434170000.0,17481,99177,0.3641
2019-04-08,BAJAJ-AUTO,EQ,2861.65,2876.0,2876.0,2842.0,2859.0,2853.35,2854.21,213351,60894835160000.0,15364,69827,0.3273
2019-04-09,BAJAJ-AUTO,EQ,2853.35,2860.0,2929.85,2838.0,2920.0,2924.8,2898.5,492843,142850307945000.0,34966,187035,0.37950000000000006
2019-04-10,BAJAJ-AUTO,EQ,2924.8,2917.95,2952.0,2910.35,2941.25,2942.9,2937.52,530788,155920081720000.0,25735,221964,0.4182
2019-04-11,BAJAJ-AUTO,EQ,2942.9,2940.9,3000.0,2939.0,2992.1,2993.7,2977.26,400118,119125401045000.0,26151,120959,0.3023
2019-04-12,BAJAJ-AUTO,EQ,2993.7,2991.8,3025.95,2975.25,3008.15,3008.15,3002.52,438822,131757310020000.0,23954,96297,0.2194
2019-04-15,BAJAJ-AUTO,EQ,3008.15,3013.0,3046.0,2992.0,3040.15,3035.05,3025.86,271376,82114568775000.0,14984,91332,0.33659999999999995
2019-04-16,BAJAJ-AUTO,EQ,3035.05,3045.0,3074.9,3032.2,3074.9,3068.45,3051.58,371767,113447662945000.0,28486,142388,0.383
2019-04-18,BAJAJ-AUTO,EQ,3068.45,3069.0,3089.9,3041.2,3080.0,3069.5,3072.57,365773,112386294555000.0,24647,103712,0.28350000000000003
2019-04-22,BAJAJ-AUTO,EQ,3069.5,3055.5,3079.0,3041.5,3050.0,3051.2,3052.21,186563,56942901679999.99,13376,79086,0.4239
2019-04-23,BAJAJ-AUTO,EQ,3051.2,3050.0,3070.0,3010.7,3058.9,3039.15,3039.9,360759,109667068084999.98,24239,140939,0.3907
2019-04-24,BAJAJ-AUTO,EQ,3039.15,3035.0,3082.85,3025.2,3073.95,3075.8,3046.2,524013,159624869600000.0,41872,282609,0.5393
2019-04-25,BAJAJ-AUTO,EQ,3075.8,3073.95,3110.0,3027.6,3095.0,3088.05,3069.97,509586,156441295295000.0,27626,124274,0.2439
2019-04-26,BAJAJ-AUTO,EQ,3088.05,3080.0,3095.0,3030.0,3044.7,3044.65,3064.73,268298,82226010310000.0,22484,107915,0.4022
2019-04-30,BAJAJ-AUTO,EQ,3044.65,3045.0,3050.0,2942.9,2988.7,2984.1,2986.4,654107,195342263490000.0,41625,380380,0.5815
2019-05-02,BAJAJ-AUTO,EQ,2984.1,2989.0,3040.0,2958.7,3028.0,3030.55,3012.5,670855,202095221635000.0,50220,248386,0.3703
2019-05-03,BAJAJ-AUTO,EQ,3030.55,3028.0,3066.0,3020.0,3059.8,3059.75,3054.39,446730,136448637159999.98,31900,203154,0.4548
2019-05-06,BAJAJ-AUTO,EQ,3059.75,3054.0,3054.0,3013.0,3019.9,3026.2,3034.17,259117,78620523620000.0,20085,85811,0.3312
2019-05-07,BAJAJ-AUTO,EQ,3026.2,3026.0,3053.0,3021.3,3038.0,3033.05,3035.87,244684,74282900635000.0,26009,107390,0.4389
2019-05-08,BAJAJ-AUTO,EQ,3033.05,3032.0,3033.0,2951.8,2956.25,2957.75,2990.57,427476,127839685615000.02,37958,251732,0.5889
2019-05-09,BAJAJ-AUTO,EQ,2957.75,2950.0,2993.5,2932.3,2980.0,2982.9,2975.61,348293,103638395320000.0,28789,134081,0.385
2019-05-10,BAJAJ-AUTO,EQ,2982.9,2980.5,3008.0,2954.35,2970.05,2966.2,2975.41,241374,71818748560000.0,27951,82930,0.3436
2019-05-13,BAJAJ-AUTO,EQ,2966.2,2970.35,2999.0,2947.25,2962.5,2972.75,2974.02,233316,69388689465000.0,22097,100926,0.4326
2019-05-14,BAJAJ-AUTO,EQ,2972.75,2960.0,2969.0,2901.0,2945.0,2937.2,2927.74,309971,90751322405000.0,23014,69991,0.2258
2019-05-15,BAJAJ-AUTO,EQ,2937.2,2937.25,2949.45,2901.35,2912.0,2914.45,2920.04,320831,93683910025000.0,29014,148881,0.46399999999999997
2019-05-16,BAJAJ-AUTO,EQ,2914.45,2928.0,2958.45,2908.0,2945.05,2942.65,2933.26,218733,64160028645000.01,17863,49519,0.22640000000000002
2019-05-17,BAJAJ-AUTO,EQ,2942.65,2950.0,3149.95,2935.15,3046.9,3040.05,3038.8,1993105,605664371960000.0,98347,342908,0.172
2019-05-20,BAJAJ-AUTO,EQ,3040.05,3087.95,3087.95,2951.0,3015.0,3006.3,3004.73,1022048,307098006250000.0,43183,424311,0.4152
2019-05-21,BAJAJ-AUTO,EQ,3006.3,3014.0,3043.9,2969.05,2980.05,2979.3,2994.85,447168,133920261055000.0,32175,160127,0.35810000000000003
2019-05-22,BAJAJ-AUTO,EQ,2979.3,2980.05,3054.0,2973.15,3053.95,3047.2,3025.21,493470,149285072995000.0,24735,201063,0.40740000000000004
2019-05-23,BAJAJ-AUTO,EQ,3047.2,3075.0,3085.0,3028.7,3057.7,3065.0,3061.73,576440,176490531300000.0,29024,210955,0.36600000000000005
2019-05-24,BAJAJ-AUTO,EQ,3065.0,3065.0,3098.9,3005.0,3079.35,3077.9,3063.53,529984,162362217690000.0,36427,166285,0.3138
2019-05-27,BAJAJ-AUTO,EQ,3077.9,3085.1,3090.0,3031.0,3066.0,3066.9,3058.95,341393,104430246935000.0,20492,77815,0.2279
2019-05-28,BAJAJ-AUTO,EQ,3066.9,3067.0,3108.35,2962.4,2972.25,2988.0,3021.79,921394,278425459469999.97,50251,557102,0.6046
2019-05-29,BAJAJ-AUTO,EQ,2988.0,2990.0,2990.0,2920.0,2928.0,2925.5,2942.41,531761,156465953635000.0,36485,225813,0.4247
2019-05-30,BAJAJ-AUTO,EQ,2925.5,2942.0,2980.0,2920.65,2941.05,2945.0,2944.27,938395,276288894469999.97,42707,225371,0.2402
2019-05-31,BAJAJ-AUTO,EQ,2945.0,2953.0,2978.75,2915.3,2921.25,2925.9,2946.75,376941,111074954205000.0,31224,146552,0.38880000000000003
2019-06-03,BAJAJ-AUTO,EQ,2925.9,2945.0,3077.95,2904.6,3030.15,3034.6,3023.86,1302391,393824880370000.0,73919,454898,0.3493
2019-06-04,BAJAJ-AUTO,EQ,3034.6,3026.2,3029.3,2970.4,2998.0,2983.9,2996.65,450220,134915190620000.0,29469,135819,0.3017
2019-06-06,BAJAJ-AUTO,EQ,2983.9,3002.0,3027.9,2960.0,2995.0,2991.65,2988.67,481570,143925588490000.0,35314,124269,0.258
2019-06-07,BAJAJ-AUTO,EQ,2991.65,2999.95,3006.65,2953.45,2959.7,2961.4,2978.06,212676,63336084110000.0,16356,39681,0.18660000000000002
2019-06-10,BAJAJ-AUTO,EQ,2961.4,2976.0,2999.0,2963.6,2986.2,2989.8,2984.27,155660,46453111515000.0,12695,38716,0.2487
2019-06-11,BAJAJ-AUTO,EQ,2989.8,3003.8,3025.0,2981.0,2991.05,2987.15,3001.07,355284,106623173115000.0,21686,105771,0.2977
2019-06-12,BAJAJ-AUTO,EQ,2987.15,2991.0,2997.05,2931.3,2944.0,2944.5,2945.8,273834,80666116430000.0,20193,67443,0.2463
2019-06-13,BAJAJ-AUTO,EQ,2944.5,2951.0,2955.0,2901.25,2927.0,2922.65,2920.17,224615,65591483245000.01,16226,80299,0.3575
2019-06-14,BAJAJ-AUTO,EQ,2922.65,2927.0,2935.0,2865.0,2870.75,2872.55,2883.88,353978,102082978895000.0,23049,68661,0.19399999999999998
2019-06-17,BAJAJ-AUTO,EQ,2872.55,2865.05,2870.0,2827.8,2837.0,2836.2,2847.15,314402,89514964345000.0,18252,116154,0.35340000000000005
2019-06-18,BAJAJ-AUTO,EQ,2836.2,2837.0,2882.05,2837.0,2873.0,2855.6,2859.53,308511,88219678290000.0,23925,91458,0.2889
2019-06-19,BAJAJ-AUTO,EQ,2855.6,2870.0,2884.0,2803.0,2822.95,2822.9,2837.15,294638,83593274575000.0,24521,71737,0.24350000000000002
2019-06-20,BAJAJ-AUTO,EQ,2822.9,2837.9,2906.9,2806.15,2905.0,2897.3,2864.81,301774,86452563485000.0,25490,57356,0.19010000000000002
2019-06-21,BAJAJ-AUTO,EQ,2897.3,2894.9,2910.9,2844.1,2881.0,2875.55,2877.22,529699,152405853915000.0,33747,274346,0.5179
2019-06-24,BAJAJ-AUTO,EQ,2875.55,2855.0,2877.1,2801.2,2814.0,2816.9,2818.06,434882,122552143550000.0,30879,88464,0.2034
2019-06-25,BAJAJ-AUTO,EQ,2816.9,2814.0,2853.95,2786.0,2843.95,2843.7,2827.36,424591,120047244990000.02,24688,80789,0.19030000000000002
2019-06-26,BAJAJ-AUTO,EQ,2843.7,2839.95,2881.35,2814.0,2867.25,2868.7,2857.4,265442,75847323210000.0,18869,63869,0.24059999999999998
2019-06-27,BAJAJ-AUTO,EQ,2868.7,2867.25,2909.9,2851.0,2862.25,2865.85,2877.28,621516,178827722490000.0,39064,268261,0.4316
2019-06-28,BAJAJ-AUTO,EQ,2865.85,2865.0,2869.0,2817.3,2832.4,2827.05,2841.97,303973,86388203710000.0,22221,125504,0.4129
2019-07-01,BAJAJ-AUTO,EQ,2827.05,2838.4,2920.15,2836.2,2915.0,2911.95,2890.0,628760,181711582715000.0,37693,84762,0.1348
2019-07-02,BAJAJ-AUTO,EQ,2911.95,2919.0,2927.95,2864.0,2889.0,2883.55,2885.06,334846,96605146890000.0,20850,68930,0.2059
2019-07-03,BAJAJ-AUTO,EQ,2883.55,2900.0,2910.0,2872.0,2889.5,2897.75,2893.73,274468,79423541310000.0,18287,68865,0.2509
2019-07-04,BAJAJ-AUTO,EQ,2897.75,2900.0,2909.0,2877.0,2895.9,2894.8,2890.74,249409,72097576970000.0,18845,45818,0.1837
2019-07-05,BAJAJ-AUTO,EQ,2894.8,2898.0,2918.0,2826.95,2840.1,2842.55,2880.47,324849,93571873185000.0,25340,95021,0.2925
2019-07-08,BAJAJ-AUTO,EQ,2842.55,2827.55,2827.55,2746.6,2776.15,2777.8,2773.65,363327,100774358710000.0,26249,104506,0.2876
2019-07-09,BAJAJ-AUTO,EQ,2777.8,2774.0,2796.5,2755.0,2786.0,2786.4,2775.32,253454,70341510775000.0,19782,61476,0.2426
2019-07-10,BAJAJ-AUTO,EQ,2786.4,2790.0,2793.95,2720.55,2738.95,2740.4,2746.64,378373,103925531720000.0,28934,123397,0.3261
2019-07-11,BAJAJ-AUTO,EQ,2740.4,2720.0,2724.5,2660.25,2707.0,2711.7,2691.46,653802,175968093895000.0,47966,182718,0.2795
2019-07-12,BAJAJ-AUTO,EQ,2711.7,2720.0,2751.9,2693.35,2729.85,2722.55,2725.62,298498,81359289580000.0,24739,32312,0.1082
2019-07-15,BAJAJ-AUTO,EQ,2722.55,2728.0,2754.0,2705.7,2720.1,2714.0,2730.13,299859,81865281380000.0,21579,89582,0.2987
2019-07-16,BAJAJ-AUTO,EQ,2714.0,2710.0,2745.0,2678.0,2734.0,2732.45,2711.69,315367,85517826300000.0,27132,83625,0.2652
2019-07-17,BAJAJ-AUTO,EQ,2732.45,2725.0,2735.75,2691.35,2695.0,2696.9,2708.98,267305,72412346070000.0,29092,106414,0.3981
2019-07-18,BAJAJ-AUTO,EQ,2696.9,2700.0,2711.85,2621.1,2625.9,2630.8,2656.17,365949,97202322145000.0,31111,120851,0.33020000000000005
2019-07-19,BAJAJ-AUTO,EQ,2630.8,2640.0,2654.95,2550.0,2563.0,2558.25,2582.75,456542,117913306934999.98,34569,162406,0.3557
2019-07-22,BAJAJ-AUTO,EQ,2558.25,2560.0,2609.95,2514.45,2569.0,2562.9,2560.73,407638,104384999315000.0,39268,114116,0.2799
2019-07-23,BAJAJ-AUTO,EQ,2562.9,2569.0,2570.0,2515.2,2520.05,2523.85,2527.45,602971,152398119815000.0,41791,252135,0.4182
2019-07-24,BAJAJ-AUTO,EQ,2523.85,2523.85,2543.0,2482.0,2526.45,2522.6,2516.01,481139,121055269440000.02,32642,158303,0.329
2019-07-25,BAJAJ-AUTO,EQ,2522.6,2526.45,2567.9,2513.0,2547.0,2547.0,2547.81,549808,140080797655000.0,33439,173428,0.3154
2019-07-26,BAJAJ-AUTO,EQ,2547.0,2547.0,2679.95,2506.25,2624.0,2618.65,2614.87,2105536,550570467020000.0,120466,159412,0.0757
2019-07-29,BAJAJ-AUTO,EQ,2618.65,2590.0,2590.0,2451.0,2489.2,2487.65,2499.77,1009207,252278578030000.03,69122,182859,0.1812
2019-07-30,BAJAJ-AUTO,EQ,2487.65,2490.0,2515.0,2445.45,2467.7,2463.85,2475.67,784779,194285051520000.0,46464,152418,0.1942
2019-07-31,BAJAJ-AUTO,EQ,2463.85,2463.0,2536.0,2442.2,2505.6,2516.5,2502.25,651778,163091215770000.0,45344,111370,0.1709
2019-08-01,BAJAJ-AUTO,EQ,2516.5,2485.05,2552.6,2473.6,2539.0,2537.65,2510.14,625372,156977278315000.0,42057,70707,0.1131
2019-08-02,BAJAJ-AUTO,EQ,2537.65,2517.1,2618.0,2478.15,2600.55,2600.55,2575.72,1021098,263006152100000.0,69301,145843,0.1428
2019-08-05,BAJAJ-AUTO,EQ,2600.55,2565.0,2642.65,2545.5,2641.9,2619.75,2611.83,906097,236657078665000.0,58066,135670,0.1497
2019-08-06,BAJAJ-AUTO,EQ,2619.75,2600.0,2649.0,2592.9,2602.5,2609.8,2617.32,765470,200347761615000.0,50660,186447,0.2436
2019-08-07,BAJAJ-AUTO,EQ,2609.8,2635.5,2635.5,2585.0,2601.0,2605.1,2610.33,459833,120031586909999.98,30040,77111,0.1677
2019-08-08,BAJAJ-AUTO,EQ,2605.1,2612.0,2721.55,2602.05,2707.0,2703.75,2648.32,592914,157022644285000.0,37035,78917,0.1331
2019-08-09,BAJAJ-AUTO,EQ,2703.75,2710.55,2741.5,2685.0,2700.25,2707.6,2713.01,673080,182606956160000.0,40208,75064,0.1115
2019-08-13,BAJAJ-AUTO,EQ,2707.6,2699.95,2742.85,2642.6,2664.0,2670.55,2706.11,706218,191110478795000.0,45188,257414,0.36450000000000005
2019-08-14,BAJAJ-AUTO,EQ,2670.55,2672.0,2757.0,2672.0,2713.95,2713.9,2720.16,522580,142150188235000.0,41837,84242,0.1612
2019-08-16,BAJAJ-AUTO,EQ,2713.9,2712.05,2760.0,2661.35,2748.2,2750.95,2726.09,600082,163587935065000.0,51067,157258,0.2621
2019-08-19,BAJAJ-AUTO,EQ,2750.95,2764.75,2773.0,2713.8,2730.0,2725.5,2743.6,461203,126535481665000.02,30946,120467,0.2612
2019-08-20,BAJAJ-AUTO,EQ,2725.5,2730.0,2768.7,2718.55,2744.25,2742.95,2745.66,537366,147542268190000.0,34297,98068,0.1825
2019-08-21,BAJAJ-AUTO,EQ,2742.95,2745.95,2771.5,2735.0,2754.2,2764.8,2757.93,429633,118489656795000.0,27174,142471,0.33159999999999995
2019-08-22,BAJAJ-AUTO,EQ,2764.8,2762.0,2775.0,2731.3,2748.0,2744.25,2753.18,428855,118071350084999.98,28376,126298,0.2945
2019-08-23,BAJAJ-AUTO,EQ,2744.25,2743.95,2765.0,2714.15,2752.75,2749.15,2743.96,332505,91237987220000.0,24682,48916,0.1471
2019-08-26,BAJAJ-AUTO,EQ,2749.15,2794.7,2794.7,2686.0,2744.0,2736.8,2722.82,577286,157184864815000.0,32572,104955,0.1818
2019-08-27,BAJAJ-AUTO,EQ,2736.8,2754.0,2798.4,2745.1,2768.1,2766.5,2773.13,514940,142799666985000.0,35149,208815,0.40549999999999997
2019-08-28,BAJAJ-AUTO,EQ,2766.5,2760.0,2813.95,2750.55,2761.75,2766.75,2790.67,479960,133940875845000.0,26766,82656,0.1722
2019-08-29,BAJAJ-AUTO,EQ,2766.75,2762.0,2786.75,2738.4,2760.0,2757.8,2765.04,438739,121313285734999.98,27687,109291,0.24910000000000002
2019-08-30,BAJAJ-AUTO,EQ,2757.8,2766.1,2796.9,2726.15,2787.65,2788.3,2761.91,391007,107992592809999.98,32407,123102,0.3148
2019-09-03,BAJAJ-AUTO,EQ,2788.3,2775.3,2805.1,2757.6,2767.0,2764.2,2781.61,493182,137183960115000.02,37771,126228,0.2559
2019-09-04,BAJAJ-AUTO,EQ,2764.2,2774.4,2788.45,2725.0,2737.0,2735.7,2748.01,340167,93478084495000.0,22145,66386,0.1952
2019-09-05,BAJAJ-AUTO,EQ,2735.7,2740.05,2775.45,2740.05,2759.0,2759.2,2759.84,383992,105975515960000.0,30013,143295,0.37320000000000003
2019-09-06,BAJAJ-AUTO,EQ,2759.2,2772.9,2864.8,2745.5,2838.7,2839.35,2819.24,1005180,283384485790000.0,46338,404412,0.4023
2019-09-09,BAJAJ-AUTO,EQ,2839.35,2809.0,2838.55,2797.0,2810.0,2817.8,2816.52,471251,132728988400000.0,29411,102119,0.21670000000000003
2019-09-11,BAJAJ-AUTO,EQ,2817.8,2838.9,2920.45,2812.0,2899.0,2908.4,2891.31,1253636,362464498895000.0,60207,484553,0.3865
2019-09-12,BAJAJ-AUTO,EQ,2908.4,2911.0,2911.4,2846.7,2855.0,2852.2,2871.34,314580,90326705695000.0,19575,68710,0.2184
2019-09-13,BAJAJ-AUTO,EQ,2852.2,2860.0,2889.0,2855.0,2876.0,2878.2,2873.47,355911,102270036595000.0,24047,64328,0.1807
2019-09-16,BAJAJ-AUTO,EQ,2878.2,2859.0,2887.7,2850.0,2878.0,2874.45,2870.36,305963,87822244845000.0,27963,65357,0.2136
2019-09-17,BAJAJ-AUTO,EQ,2874.45,2874.8,2875.85,2762.55,2786.0,2773.15,2814.72,439334,123660034909999.98,35204,149851,0.3411
2019-09-18,BAJAJ-AUTO,EQ,2773.15,2798.0,2819.0,2750.1,2775.0,2777.05,2778.87,524048,145626273125000.0,35511,51902,0.099
2019-09-19,BAJAJ-AUTO,EQ,2777.05,2773.0,2776.0,2721.45,2736.3,2738.85,2745.73,228796,62821212020000.01,23098,37272,0.1629
2019-09-20,BAJAJ-AUTO,EQ,2738.85,2730.0,3020.1,2725.0,2928.9,2929.25,2908.28,1423536,414003604375000.0,97729,387262,0.272
2019-09-23,BAJAJ-AUTO,EQ,2929.25,2956.1,3027.15,2929.0,2997.85,2995.15,2988.73,807027,241198325685000.0,62447,238572,0.2956
2019-09-24,BAJAJ-AUTO,EQ,2995.15,3001.0,3005.0,2929.2,2966.95,2958.15,2958.75,479273,141804800370000.0,45637,179712,0.375
2019-09-25,BAJAJ-AUTO,EQ,2958.15,2940.0,2965.0,2910.0,2938.0,2941.0,2936.36,439376,129016474284999.98,36217,131044,0.2983
2019-09-26,BAJAJ-AUTO,EQ,2941.0,2942.0,2993.0,2935.0,2969.95,2970.3,2968.44,647497,192205490505000.0,42118,278157,0.42960000000000004
2019-09-27,BAJAJ-AUTO,EQ,2970.3,2964.0,2989.55,2936.15,2951.1,2957.5,2958.83,326785,96690165625000.0,25800,85501,0.2616
2019-09-30,BAJAJ-AUTO,EQ,2957.5,2960.1,2974.95,2902.5,2928.05,2941.8,2935.62,384245,112799714575000.0,27574,142905,0.3719
2019-10-01,BAJAJ-AUTO,EQ,2941.8,2945.0,2977.7,2888.05,2915.95,2910.0,2925.89,546876,160009816865000.0,37011,87206,0.1595
2019-10-03,BAJAJ-AUTO,EQ,2910.0,2915.0,2939.7,2882.5,2883.8,2897.9,2906.09,292132,84896057720000.0,47328,82623,0.2828
2019-10-04,BAJAJ-AUTO,EQ,2897.9,2915.0,2935.0,2855.0,2856.0,2863.55,2903.42,342652,99486107875000.0,32953,95899,0.2799
2019-10-07,BAJAJ-AUTO,EQ,2863.55,2859.9,2900.05,2854.95,2888.9,2892.3,2880.69,276023,79513787560000.0,22126,55225,0.20010000000000003
2019-10-09,BAJAJ-AUTO,EQ,2892.3,2889.0,2915.0,2877.75,2879.5,2891.85,2894.48,355878,103008315480000.0,23178,156712,0.4404
2019-10-10,BAJAJ-AUTO,EQ,2891.85,2881.0,2932.0,2865.0,2898.0,2886.25,2900.1,313632,90956573040000.0,25151,94064,0.2999
2019-10-11,BAJAJ-AUTO,EQ,2886.25,2898.0,2925.0,2883.55,2899.5,2898.8,2901.27,198610,57622218229999.99,15473,41448,0.20870000000000002
2019-10-14,BAJAJ-AUTO,EQ,2898.8,2889.1,2975.0,2888.0,2950.0,2958.05,2953.6,367105,108428031620000.0,27259,99236,0.27030000000000004
2019-10-15,BAJAJ-AUTO,EQ,2958.05,2964.0,3029.9,2953.45,3010.6,3011.95,3001.85,636441,191050135620000.0,38503,155041,0.2436
2019-10-16,BAJAJ-AUTO,EQ,3011.95,3035.0,3050.0,3015.25,3022.0,3023.7,3033.55,572575,173693259170000.0,43829,157740,0.2755
2019-10-17,BAJAJ-AUTO,EQ,3023.7,3009.0,3140.0,2995.0,3138.0,3111.5,3046.67,707480,215545733190000.0,43494,230182,0.3254
2019-10-18,BAJAJ-AUTO,EQ,3111.5,3119.0,3119.95,3075.0,3090.0,3087.05,3090.84,398223,123084516590000.02,29698,83771,0.2104
2019-10-22,BAJAJ-AUTO,EQ,3087.05,3090.05,3154.4,3089.65,3122.35,3122.3,3128.63,379635,118773636095000.0,27720,79241,0.20870000000000002
2019-10-23,BAJAJ-AUTO,EQ,3122.3,3122.4,3237.35,3095.0,3159.0,3162.65,3178.88,2111842,671328282580000.0,117465,514399,0.2436
2019-10-24,BAJAJ-AUTO,EQ,3162.65,3165.0,3201.0,3143.45,3175.0,3167.85,3175.92,656713,208566518645000.0,58278,197256,0.3004
2019-10-25,BAJAJ-AUTO,EQ,3167.85,3187.15,3187.15,3110.0,3133.75,3129.65,3135.1,369730,115914002320000.0,29691,61291,0.16579999999999998
2019-10-27,BAJAJ-AUTO,EQ,3129.65,3159.0,3173.3,3135.15,3136.0,3143.35,3148.76,72198,22733445210000.0,4291,23213,0.3215
2019-10-29,BAJAJ-AUTO,EQ,3143.35,3145.0,3198.65,3137.35,3180.8,3180.75,3180.06,383452,121940055945000.0,33709,123906,0.32310000000000005
2019-10-30,BAJAJ-AUTO,EQ,3180.75,3199.4,3229.4,3173.1,3228.0,3222.9,3213.64,572787,184073003265000.0,37245,191395,0.33409999999999995
2019-10-31,BAJAJ-AUTO,EQ,3222.9,3229.7,3255.0,3213.0,3243.0,3247.35,3241.38,446046,144580305235000.0,36443,150580,0.3376
2019-11-01,BAJAJ-AUTO,EQ,3247.35,3250.0,3289.0,3190.0,3230.0,3232.65,3252.46,748062,243304079744999.97,44741,200768,0.2684
2019-11-04,BAJAJ-AUTO,EQ,3232.65,3236.0,3248.25,3181.3,3218.0,3212.05,3206.33,330025,105816875585000.0,21388,105388,0.31930000000000003
2019-11-05,BAJAJ-AUTO,EQ,3212.05,3225.0,3255.7,3191.15,3252.0,3246.3,3234.86,305513,98829101645000.0,29376,104581,0.3423
2019-11-06,BAJAJ-AUTO,EQ,3246.3,3244.0,3271.5,3214.75,3244.2,3248.3,3248.94,348652,113274905670000.0,25818,61873,0.1775
2019-11-07,BAJAJ-AUTO,EQ,3248.3,3244.0,3277.0,3222.95,3277.0,3265.85,3249.0,326912,106213756580000.0,24057,124683,0.3814
2019-11-08,BAJAJ-AUTO,EQ,3265.85,3257.8,3288.8,3235.55,3246.9,3245.55,3270.72,483871,158260837735000.0,26498,93026,0.1923
2019-11-11,BAJAJ-AUTO,EQ,3245.55,3238.0,3254.0,3221.0,3239.8,3237.35,3237.06,278347,90102705205000.0,15747,96258,0.3458
2019-11-13,BAJAJ-AUTO,EQ,3237.35,3230.0,3245.0,3190.8,3204.0,3206.0,3213.88,305804,98281655305000.0,21329,109067,0.3567
2019-11-14,BAJAJ-AUTO,EQ,3206.0,3205.0,3244.55,3191.1,3232.5,3233.3,3219.82,310906,100106128760000.0,17523,69627,0.22390000000000002
2019-11-15,BAJAJ-AUTO,EQ,3233.3,3240.0,3252.45,3200.0,3204.1,3215.35,3232.38,311463,100676619780000.0,16707,120550,0.387
2019-11-18,BAJAJ-AUTO,EQ,3215.35,3225.0,3225.0,3146.75,3152.25,3156.9,3166.83,441118,139694512245000.0,35147,211807,0.4802
2019-11-19,BAJAJ-AUTO,EQ,3156.9,3156.0,3171.5,3122.1,3156.3,3161.05,3150.54,285669,90001099250000.0,17302,69163,0.2421
2019-11-20,BAJAJ-AUTO,EQ,3161.05,3145.55,3168.9,3130.5,3165.0,3162.4,3152.42,238889,75307823270000.0,16746,69515,0.29100000000000004
2019-11-21,BAJAJ-AUTO,EQ,3162.4,3152.4,3209.0,3144.0,3186.65,3188.35,3185.79,347577,110730611515000.02,26914,114101,0.3283
2019-11-22,BAJAJ-AUTO,EQ,3188.35,3180.0,3186.0,3133.5,3150.0,3152.35,3153.32,285777,90114741805000.0,16211,111887,0.3915
2019-11-25,BAJAJ-AUTO,EQ,3152.35,3152.35,3206.3,3105.2,3201.4,3195.65,3165.29,332892,105370122760000.0,23597,121017,0.36350000000000005
2019-11-26,BAJAJ-AUTO,EQ,3195.65,3199.9,3228.0,3168.75,3184.8,3178.15,3188.57,628851,200513460445000.0,46021,345311,0.5491
2019-11-27,BAJAJ-AUTO,EQ,3178.15,3188.15,3217.25,3180.0,3212.05,3212.05,3202.0,308282,98711800945000.0,29559,143447,0.46530000000000005
2019-11-28,BAJAJ-AUTO,EQ,3212.05,3210.0,3216.75,3182.8,3182.85,3196.4,3197.93,194094,62069853790000.0,24450,76205,0.3926
2019-11-29,BAJAJ-AUTO,EQ,3196.4,3186.0,3196.0,3147.1,3178.85,3176.0,3168.89,203765,64570846279999.99,23629,83746,0.41100000000000003
2019-12-02,BAJAJ-AUTO,EQ,3176.0,3163.1,3217.4,3142.05,3162.45,3159.25,3171.94,474666,150561006425000.0,38843,199685,0.4207
2019-12-03,BAJAJ-AUTO,EQ,3159.25,3167.0,3270.0,3167.0,3258.0,3259.75,3229.4,864612,279217653505000.03,46079,189706,0.2194
2019-12-04,BAJAJ-AUTO,EQ,3259.75,3259.75,3278.0,3228.0,3250.0,3251.15,3251.36,458892,149202505720000.0,25795,103290,0.22510000000000002
2019-12-05,BAJAJ-AUTO,EQ,3251.15,3240.0,3286.4,3225.85,3230.0,3243.1,3262.83,692533,225961528869999.97,38180,138558,0.20010000000000003
2019-12-06,BAJAJ-AUTO,EQ,3243.1,3243.1,3258.0,3193.1,3210.0,3206.1,3220.84,275871,88853525220000.0,16415,114230,0.41409999999999997
2019-12-09,BAJAJ-AUTO,EQ,3206.1,3223.9,3239.85,3202.3,3220.4,3225.55,3226.44,217098,70045283090000.0,20521,66866,0.308
2019-12-10,BAJAJ-AUTO,EQ,3225.55,3230.0,3240.0,3211.25,3229.0,3232.5,3225.14,278890,89945931815000.0,23116,122702,0.44
2019-12-11,BAJAJ-AUTO,EQ,3232.5,3240.15,3274.85,3220.05,3267.65,3268.65,3251.25,327568,106500400605000.0,30789,120928,0.36920000000000003
2019-12-12,BAJAJ-AUTO,EQ,3268.65,3276.3,3283.3,3256.6,3258.0,3261.45,3267.88,263581,86135168820000.0,26125,104206,0.39530000000000004
2019-12-13,BAJAJ-AUTO,EQ,3261.45,3274.9,3274.9,3220.25,3229.8,3232.9,3239.82,360095,116664473875000.0,23854,167865,0.4662
2019-12-16,BAJAJ-AUTO,EQ,3232.9,3234.5,3280.0,3213.15,3220.0,3220.4,3244.49,376835,122263838909999.98,21878,111916,0.297
2019-12-17,BAJAJ-AUTO,EQ,3220.4,3225.0,3231.7,3194.4,3199.0,3199.1,3206.82,336920,108044168459999.98,27184,186533,0.5536
2019-12-18,BAJAJ-AUTO,EQ,3199.1,3199.05,3220.0,3192.2,3215.5,3213.65,3208.98,315871,101362319480000.0,28760,155844,0.49340000000000006
2019-12-19,BAJAJ-AUTO,EQ,3213.65,3206.0,3232.0,3182.0,3221.0,3218.4,3214.07,409369,131574116380000.0,32028,173710,0.4243
2019-12-20,BAJAJ-AUTO,EQ,3218.4,3232.0,3239.8,3197.6,3203.0,3203.75,3214.6,304173,97779377375000.0,24127,177740,0.5843
2019-12-23,BAJAJ-AUTO,EQ,3203.75,3205.0,3225.0,3184.5,3223.95,3219.5,3209.79,242195,77739505550000.0,18149,62973,0.26
2019-12-24,BAJAJ-AUTO,EQ,3219.5,3220.0,3235.0,3210.0,3223.7,3226.75,3226.76,172853,55775544275000.0,13673,54011,0.3125
2019-12-26,BAJAJ-AUTO,EQ,3226.75,3226.0,3239.0,3204.0,3216.65,3230.05,3223.08,241386,77800729055000.0,16448,62322,0.2582
2019-12-27,BAJAJ-AUTO,EQ,3230.05,3221.25,3258.0,3220.5,3243.05,3241.95,3235.26,211224,68336507170000.01,14307,61074,0.2891
2019-12-30,BAJAJ-AUTO,EQ,3241.95,3240.0,3260.0,3229.05,3258.0,3251.95,3243.73,332557,107872400525000.0,15771,155629,0.46799999999999997
2019-12-31,BAJAJ-AUTO,EQ,3251.95,3251.0,3251.0,3175.55,3180.0,3185.0,3208.49,526252,168847427140000.0,25841,256967,0.4883
2020-01-01,BAJAJ-AUTO,EQ,3185.0,3183.0,3193.75,3142.1,3151.0,3150.1,3169.79,320021,101439866255000.0,16092,55953,0.1748
